case_id,feature_id,gene_symbol
logistic_pam50,ENTREZ_57180,ACTR3B
logistic_pam50,ENTREZ_54443,ANLN
logistic_pam50,ENTREZ_573,BAG1
logistic_pam50,ENTREZ_596,BCL2
logistic_pam50,ENTREZ_332,BIRC5
logistic_pam50,ENTREZ_644,BLVRA
logistic_pam50,ENTREZ_891,CCNB1
logistic_pam50,ENTREZ_898,CCNE1
logistic_pam50,ENTREZ_991,CDC20
logistic_pam50,ENTREZ_990,CDC6
logistic_pam50,ENTREZ_83540,NUF2
logistic_pam50,ENTREZ_1001,CDH3
logistic_pam50,ENTREZ_1063,CENPF
logistic_pam50,ENTREZ_55165,CEP55
logistic_pam50,ENTREZ_51523,CXXC5
logistic_pam50,ENTREZ_1956,EGFR
logistic_pam50,ENTREZ_2064,ERBB2
logistic_pam50,ENTREZ_2099,ESR1
logistic_pam50,ENTREZ_9156,EXO1
logistic_pam50,ENTREZ_2264,FGFR4
logistic_pam50,ENTREZ_3169,FOXA1
logistic_pam50,ENTREZ_2296,FOXC1
logistic_pam50,ENTREZ_26996,GPR160
logistic_pam50,ENTREZ_2886,GRB7
logistic_pam50,ENTREZ_11004,KIF2C
logistic_pam50,ENTREZ_10403,NDC80
logistic_pam50,ENTREZ_3861,KRT14
logistic_pam50,ENTREZ_3872,KRT17
logistic_pam50,ENTREZ_3852,KRT5
logistic_pam50,ENTREZ_4137,MAPT
logistic_pam50,ENTREZ_4193,MDM2
logistic_pam50,ENTREZ_9833,MELK
logistic_pam50,ENTREZ_8190,MIA
logistic_pam50,ENTREZ_4288,MKI67
logistic_pam50,ENTREZ_79083,MLPH
logistic_pam50,ENTREZ_4320,MMP11
logistic_pam50,ENTREZ_4605,MYBL2
logistic_pam50,ENTREZ_4609,MYC
logistic_pam50,ENTREZ_9,NAT1
logistic_pam50,ENTREZ_23594,ORC6L
logistic_pam50,ENTREZ_5241,PGR
logistic_pam50,ENTREZ_26227,PHGDH
logistic_pam50,ENTREZ_9232,PTTG1
logistic_pam50,ENTREZ_6241,RRM2
logistic_pam50,ENTREZ_6422,SFRP1
logistic_pam50,ENTREZ_25800,SLC39A6
logistic_pam50,ENTREZ_120224,TMEM45B
logistic_pam50,ENTREZ_7298,TYMS
logistic_pam50,ENTREZ_11065,UBE2C
logistic_pam50,ENTREZ_29089,UBE2T
logistic_automatic,ENTREZ_144568,A2ML1
logistic_automatic,ENTREZ_18,ABAT
logistic_automatic,ENTREZ_6833,ABCC8
logistic_automatic,ENTREZ_36,ACADSB
logistic_automatic,ENTREZ_3899,AFF3
logistic_automatic,ENTREZ_10551,AGR2
logistic_automatic,ENTREZ_155465,AGR3
logistic_automatic,ENTREZ_276,AMY1A
logistic_automatic,ENTREZ_8416,ANXA9
logistic_automatic,ENTREZ_367,AR
logistic_automatic,ENTREZ_22901,ARSG
logistic_automatic,ENTREZ_419,ART3
logistic_automatic,ENTREZ_84002,B3GNT5
logistic_automatic,ENTREZ_8537,BCAS1
logistic_automatic,ENTREZ_283987,C17orf28
logistic_automatic,ENTREZ_149563,C1orf64
logistic_automatic,ENTREZ_201895,C4orf34
logistic_automatic,ENTREZ_285600,C5orf36
logistic_automatic,ENTREZ_80129,C6orf97
logistic_automatic,ENTREZ_401546,C9orf152
logistic_automatic,ENTREZ_401535,C9orf170
logistic_automatic,ENTREZ_771,CA12
logistic_automatic,ENTREZ_92291,CAPN13
logistic_automatic,ENTREZ_388743,CAPN8
logistic_automatic,ENTREZ_202243,CCDC125
logistic_automatic,ENTREZ_898,CCNE1
logistic_automatic,ENTREZ_991,CDC20
logistic_automatic,ENTREZ_55143,CDCA8
logistic_automatic,ENTREZ_1058,CENPA
logistic_automatic,ENTREZ_55839,CENPN
logistic_automatic,ENTREZ_387103,CENPW
logistic_automatic,ENTREZ_140578,CHODL
logistic_automatic,ENTREZ_64084,CLSTN2
logistic_automatic,ENTREZ_134147,CMBL
logistic_automatic,ENTREZ_196993,CT62
logistic_automatic,ENTREZ_203413,CXorf61
logistic_automatic,ENTREZ_1556,CYP2B7P1
logistic_automatic,ENTREZ_1602,DACH1
logistic_automatic,ENTREZ_123099,DEGS2
logistic_automatic,ENTREZ_7802,DNALI1
logistic_automatic,ENTREZ_2066,ERBB4
logistic_automatic,ENTREZ_2099,ESR1
logistic_automatic,ENTREZ_221061,FAM171A1
logistic_automatic,ENTREZ_100129583,FAM47E
logistic_automatic,ENTREZ_2203,FBP1
logistic_automatic,ENTREZ_399717,GATA3-AS1
logistic_automatic,ENTREZ_3169,FOXA1
logistic_automatic,ENTREZ_2296,FOXC1
logistic_automatic,ENTREZ_2305,FOXM1
logistic_automatic,ENTREZ_161835,FSIP1
logistic_automatic,ENTREZ_8326,FZD9
logistic_automatic,ENTREZ_9568,GABBR2
logistic_automatic,ENTREZ_2625,GATA3
logistic_automatic,ENTREZ_26996,GPR160
logistic_automatic,ENTREZ_27202,GPR77
logistic_automatic,ENTREZ_9687,GREB1
logistic_automatic,ENTREZ_84072,HORMAD1
logistic_automatic,ENTREZ_3475,IFRD1
logistic_automatic,ENTREZ_8821,INPP4B
logistic_automatic,ENTREZ_3767,KCNJ11
logistic_automatic,ENTREZ_23030,KDM4B
logistic_automatic,ENTREZ_3868,KRT16
logistic_automatic,ENTREZ_93273,LEMD1
logistic_automatic,ENTREZ_145837,DRAIC
logistic_automatic,ENTREZ_4137,MAPT
logistic_automatic,ENTREZ_85377,MICALL1
logistic_automatic,ENTREZ_79083,MLPH
logistic_automatic,ENTREZ_4602,MYB
logistic_automatic,ENTREZ_9,NAT1
logistic_automatic,ENTREZ_115677,NOSTRIN
logistic_automatic,ENTREZ_55301,OLAH
logistic_automatic,ENTREZ_23590,PDSS1
logistic_automatic,ENTREZ_5241,PGR
logistic_automatic,ENTREZ_81706,PPP1R14C
logistic_automatic,ENTREZ_222171,PRR15
logistic_automatic,ENTREZ_260429,PRSS33
logistic_automatic,ENTREZ_29968,PSAT1
logistic_automatic,ENTREZ_54763,ROPN1
logistic_automatic,ENTREZ_152015,ROPN1B
logistic_automatic,ENTREZ_57758,SCUBE2
logistic_automatic,ENTREZ_135295,SFRS13B
logistic_automatic,ENTREZ_54847,SIDT1
logistic_automatic,ENTREZ_6584,SLC22A5
logistic_automatic,ENTREZ_80736,SLC44A4
logistic_automatic,ENTREZ_23428,SLC7A8
logistic_automatic,ENTREZ_25803,SPDEF
logistic_automatic,ENTREZ_79723,SUV39H2
logistic_automatic,ENTREZ_23158,TBC1D9
logistic_automatic,ENTREZ_7031,TFF1
logistic_automatic,ENTREZ_7033,TFF3
logistic_automatic,ENTREZ_79875,THSD4
logistic_automatic,ENTREZ_22974,TPX2
logistic_automatic,ENTREZ_143941,TTC36
logistic_automatic,ENTREZ_7272,TTK
logistic_automatic,ENTREZ_9654,TTLL4
logistic_automatic,ENTREZ_51442,VGLL1
logistic_automatic,ENTREZ_7494,XBP1
logistic_automatic,ENTREZ_4904,YBX1
logistic_automatic,ENTREZ_51364,ZMYND10
logistic_automatic,ENTREZ_79818,ZNF552
random_forest_pam50,ENTREZ_57180,ACTR3B
random_forest_pam50,ENTREZ_54443,ANLN
random_forest_pam50,ENTREZ_573,BAG1
random_forest_pam50,ENTREZ_596,BCL2
random_forest_pam50,ENTREZ_332,BIRC5
random_forest_pam50,ENTREZ_644,BLVRA
random_forest_pam50,ENTREZ_891,CCNB1
random_forest_pam50,ENTREZ_898,CCNE1
random_forest_pam50,ENTREZ_991,CDC20
random_forest_pam50,ENTREZ_990,CDC6
random_forest_pam50,ENTREZ_83540,NUF2
random_forest_pam50,ENTREZ_1001,CDH3
random_forest_pam50,ENTREZ_1063,CENPF
random_forest_pam50,ENTREZ_55165,CEP55
random_forest_pam50,ENTREZ_51523,CXXC5
random_forest_pam50,ENTREZ_1956,EGFR
random_forest_pam50,ENTREZ_2064,ERBB2
random_forest_pam50,ENTREZ_2099,ESR1
random_forest_pam50,ENTREZ_9156,EXO1
random_forest_pam50,ENTREZ_2264,FGFR4
random_forest_pam50,ENTREZ_3169,FOXA1
random_forest_pam50,ENTREZ_2296,FOXC1
random_forest_pam50,ENTREZ_26996,GPR160
random_forest_pam50,ENTREZ_2886,GRB7
random_forest_pam50,ENTREZ_11004,KIF2C
random_forest_pam50,ENTREZ_10403,NDC80
random_forest_pam50,ENTREZ_3861,KRT14
random_forest_pam50,ENTREZ_3872,KRT17
random_forest_pam50,ENTREZ_3852,KRT5
random_forest_pam50,ENTREZ_4137,MAPT
random_forest_pam50,ENTREZ_4193,MDM2
random_forest_pam50,ENTREZ_9833,MELK
random_forest_pam50,ENTREZ_8190,MIA
random_forest_pam50,ENTREZ_4288,MKI67
random_forest_pam50,ENTREZ_79083,MLPH
random_forest_pam50,ENTREZ_4320,MMP11
random_forest_pam50,ENTREZ_4605,MYBL2
random_forest_pam50,ENTREZ_4609,MYC
random_forest_pam50,ENTREZ_9,NAT1
random_forest_pam50,ENTREZ_23594,ORC6L
random_forest_pam50,ENTREZ_5241,PGR
random_forest_pam50,ENTREZ_26227,PHGDH
random_forest_pam50,ENTREZ_9232,PTTG1
random_forest_pam50,ENTREZ_6241,RRM2
random_forest_pam50,ENTREZ_6422,SFRP1
random_forest_pam50,ENTREZ_25800,SLC39A6
random_forest_pam50,ENTREZ_120224,TMEM45B
random_forest_pam50,ENTREZ_7298,TYMS
random_forest_pam50,ENTREZ_11065,UBE2C
random_forest_pam50,ENTREZ_29089,UBE2T
random_forest_automatic,ENTREZ_144568,A2ML1
random_forest_automatic,ENTREZ_18,ABAT
random_forest_automatic,ENTREZ_6833,ABCC8
random_forest_automatic,ENTREZ_36,ACADSB
random_forest_automatic,ENTREZ_3899,AFF3
random_forest_automatic,ENTREZ_10551,AGR2
random_forest_automatic,ENTREZ_155465,AGR3
random_forest_automatic,ENTREZ_276,AMY1A
random_forest_automatic,ENTREZ_8416,ANXA9
random_forest_automatic,ENTREZ_367,AR
random_forest_automatic,ENTREZ_22901,ARSG
random_forest_automatic,ENTREZ_419,ART3
random_forest_automatic,ENTREZ_84002,B3GNT5
random_forest_automatic,ENTREZ_8537,BCAS1
random_forest_automatic,ENTREZ_283987,C17orf28
random_forest_automatic,ENTREZ_149563,C1orf64
random_forest_automatic,ENTREZ_201895,C4orf34
random_forest_automatic,ENTREZ_285600,C5orf36
random_forest_automatic,ENTREZ_80129,C6orf97
random_forest_automatic,ENTREZ_401546,C9orf152
random_forest_automatic,ENTREZ_401535,C9orf170
random_forest_automatic,ENTREZ_771,CA12
random_forest_automatic,ENTREZ_92291,CAPN13
random_forest_automatic,ENTREZ_388743,CAPN8
random_forest_automatic,ENTREZ_202243,CCDC125
random_forest_automatic,ENTREZ_898,CCNE1
random_forest_automatic,ENTREZ_991,CDC20
random_forest_automatic,ENTREZ_55143,CDCA8
random_forest_automatic,ENTREZ_1058,CENPA
random_forest_automatic,ENTREZ_55839,CENPN
random_forest_automatic,ENTREZ_387103,CENPW
random_forest_automatic,ENTREZ_140578,CHODL
random_forest_automatic,ENTREZ_64084,CLSTN2
random_forest_automatic,ENTREZ_134147,CMBL
random_forest_automatic,ENTREZ_196993,CT62
random_forest_automatic,ENTREZ_203413,CXorf61
random_forest_automatic,ENTREZ_1556,CYP2B7P1
random_forest_automatic,ENTREZ_1602,DACH1
random_forest_automatic,ENTREZ_123099,DEGS2
random_forest_automatic,ENTREZ_7802,DNALI1
random_forest_automatic,ENTREZ_2066,ERBB4
random_forest_automatic,ENTREZ_2099,ESR1
random_forest_automatic,ENTREZ_221061,FAM171A1
random_forest_automatic,ENTREZ_100129583,FAM47E
random_forest_automatic,ENTREZ_2203,FBP1
random_forest_automatic,ENTREZ_399717,GATA3-AS1
random_forest_automatic,ENTREZ_3169,FOXA1
random_forest_automatic,ENTREZ_2296,FOXC1
random_forest_automatic,ENTREZ_2305,FOXM1
random_forest_automatic,ENTREZ_161835,FSIP1
random_forest_automatic,ENTREZ_8326,FZD9
random_forest_automatic,ENTREZ_9568,GABBR2
random_forest_automatic,ENTREZ_2625,GATA3
random_forest_automatic,ENTREZ_26996,GPR160
random_forest_automatic,ENTREZ_27202,GPR77
random_forest_automatic,ENTREZ_9687,GREB1
random_forest_automatic,ENTREZ_84072,HORMAD1
random_forest_automatic,ENTREZ_3475,IFRD1
random_forest_automatic,ENTREZ_8821,INPP4B
random_forest_automatic,ENTREZ_3767,KCNJ11
random_forest_automatic,ENTREZ_23030,KDM4B
random_forest_automatic,ENTREZ_3868,KRT16
random_forest_automatic,ENTREZ_93273,LEMD1
random_forest_automatic,ENTREZ_145837,DRAIC
random_forest_automatic,ENTREZ_4137,MAPT
random_forest_automatic,ENTREZ_85377,MICALL1
random_forest_automatic,ENTREZ_79083,MLPH
random_forest_automatic,ENTREZ_4602,MYB
random_forest_automatic,ENTREZ_9,NAT1
random_forest_automatic,ENTREZ_115677,NOSTRIN
random_forest_automatic,ENTREZ_55301,OLAH
random_forest_automatic,ENTREZ_23590,PDSS1
random_forest_automatic,ENTREZ_5241,PGR
random_forest_automatic,ENTREZ_81706,PPP1R14C
random_forest_automatic,ENTREZ_222171,PRR15
random_forest_automatic,ENTREZ_260429,PRSS33
random_forest_automatic,ENTREZ_29968,PSAT1
random_forest_automatic,ENTREZ_54763,ROPN1
random_forest_automatic,ENTREZ_152015,ROPN1B
random_forest_automatic,ENTREZ_57758,SCUBE2
random_forest_automatic,ENTREZ_135295,SFRS13B
random_forest_automatic,ENTREZ_54847,SIDT1
random_forest_automatic,ENTREZ_6584,SLC22A5
random_forest_automatic,ENTREZ_80736,SLC44A4
random_forest_automatic,ENTREZ_23428,SLC7A8
random_forest_automatic,ENTREZ_25803,SPDEF
random_forest_automatic,ENTREZ_79723,SUV39H2
random_forest_automatic,ENTREZ_23158,TBC1D9
random_forest_automatic,ENTREZ_7031,TFF1
random_forest_automatic,ENTREZ_7033,TFF3
random_forest_automatic,ENTREZ_79875,THSD4
random_forest_automatic,ENTREZ_22974,TPX2
random_forest_automatic,ENTREZ_143941,TTC36
random_forest_automatic,ENTREZ_7272,TTK
random_forest_automatic,ENTREZ_9654,TTLL4
random_forest_automatic,ENTREZ_51442,VGLL1
random_forest_automatic,ENTREZ_7494,XBP1
random_forest_automatic,ENTREZ_4904,YBX1
random_forest_automatic,ENTREZ_51364,ZMYND10
random_forest_automatic,ENTREZ_79818,ZNF552
xgboost_pam50,ENTREZ_57180,ACTR3B
xgboost_pam50,ENTREZ_54443,ANLN
xgboost_pam50,ENTREZ_573,BAG1
xgboost_pam50,ENTREZ_596,BCL2
xgboost_pam50,ENTREZ_332,BIRC5
xgboost_pam50,ENTREZ_644,BLVRA
xgboost_pam50,ENTREZ_891,CCNB1
xgboost_pam50,ENTREZ_898,CCNE1
xgboost_pam50,ENTREZ_991,CDC20
xgboost_pam50,ENTREZ_990,CDC6
xgboost_pam50,ENTREZ_83540,NUF2
xgboost_pam50,ENTREZ_1001,CDH3
xgboost_pam50,ENTREZ_1063,CENPF
xgboost_pam50,ENTREZ_55165,CEP55
xgboost_pam50,ENTREZ_51523,CXXC5
xgboost_pam50,ENTREZ_1956,EGFR
xgboost_pam50,ENTREZ_2064,ERBB2
xgboost_pam50,ENTREZ_2099,ESR1
xgboost_pam50,ENTREZ_9156,EXO1
xgboost_pam50,ENTREZ_2264,FGFR4
xgboost_pam50,ENTREZ_3169,FOXA1
xgboost_pam50,ENTREZ_2296,FOXC1
xgboost_pam50,ENTREZ_26996,GPR160
xgboost_pam50,ENTREZ_2886,GRB7
xgboost_pam50,ENTREZ_11004,KIF2C
xgboost_pam50,ENTREZ_10403,NDC80
xgboost_pam50,ENTREZ_3861,KRT14
xgboost_pam50,ENTREZ_3872,KRT17
xgboost_pam50,ENTREZ_3852,KRT5
xgboost_pam50,ENTREZ_4137,MAPT
xgboost_pam50,ENTREZ_4193,MDM2
xgboost_pam50,ENTREZ_9833,MELK
xgboost_pam50,ENTREZ_8190,MIA
xgboost_pam50,ENTREZ_4288,MKI67
xgboost_pam50,ENTREZ_79083,MLPH
xgboost_pam50,ENTREZ_4320,MMP11
xgboost_pam50,ENTREZ_4605,MYBL2
xgboost_pam50,ENTREZ_4609,MYC
xgboost_pam50,ENTREZ_9,NAT1
xgboost_pam50,ENTREZ_23594,ORC6L
xgboost_pam50,ENTREZ_5241,PGR
xgboost_pam50,ENTREZ_26227,PHGDH
xgboost_pam50,ENTREZ_9232,PTTG1
xgboost_pam50,ENTREZ_6241,RRM2
xgboost_pam50,ENTREZ_6422,SFRP1
xgboost_pam50,ENTREZ_25800,SLC39A6
xgboost_pam50,ENTREZ_120224,TMEM45B
xgboost_pam50,ENTREZ_7298,TYMS
xgboost_pam50,ENTREZ_11065,UBE2C
xgboost_pam50,ENTREZ_29089,UBE2T
xgboost_automatic,ENTREZ_90288,EFCAB12
xgboost_automatic,ENTREZ_144568,A2ML1
xgboost_automatic,ENTREZ_18,ABAT
xgboost_automatic,ENTREZ_85320,ABCC11
xgboost_automatic,ENTREZ_6833,ABCC8
xgboost_automatic,ENTREZ_22885,ABLIM3
xgboost_automatic,ENTREZ_36,ACADSB
xgboost_automatic,ENTREZ_59272,ACE2
xgboost_automatic,ENTREZ_122970,ACOT4
xgboost_automatic,ENTREZ_170689,ADAMTS15
xgboost_automatic,ENTREZ_115,ADCY9
xgboost_automatic,ENTREZ_3899,AFF3
xgboost_automatic,ENTREZ_10551,AGR2
xgboost_automatic,ENTREZ_155465,AGR3
xgboost_automatic,ENTREZ_22977,AKR7A3
xgboost_automatic,ENTREZ_262,AMD1
xgboost_automatic,ENTREZ_276,AMY1A
xgboost_automatic,ENTREZ_57763,ANKRA2
xgboost_automatic,ENTREZ_91074,ANKRD30A
xgboost_automatic,ENTREZ_54443,ANLN
xgboost_automatic,ENTREZ_8416,ANXA9
xgboost_automatic,ENTREZ_323,APBB2
xgboost_automatic,ENTREZ_83464,APH1B
xgboost_automatic,ENTREZ_367,AR
xgboost_automatic,ENTREZ_22901,ARSG
xgboost_automatic,ENTREZ_419,ART3
xgboost_automatic,ENTREZ_259266,ASPM
xgboost_automatic,ENTREZ_64225,ATL2
xgboost_automatic,ENTREZ_245973,ATP6V1C2
xgboost_automatic,ENTREZ_540,ATP7B
xgboost_automatic,ENTREZ_5205,ATP8B1
xgboost_automatic,ENTREZ_6790,AURKA
xgboost_automatic,ENTREZ_9212,AURKB
xgboost_automatic,ENTREZ_84002,B3GNT5
xgboost_automatic,ENTREZ_582,BBS1
xgboost_automatic,ENTREZ_585,BBS4
xgboost_automatic,ENTREZ_4059,BCAM
xgboost_automatic,ENTREZ_8537,BCAS1
xgboost_automatic,ENTREZ_53335,BCL11A
xgboost_automatic,ENTREZ_596,BCL2
xgboost_automatic,ENTREZ_332,BIRC5
xgboost_automatic,ENTREZ_641,BLM
xgboost_automatic,ENTREZ_671,BPI
xgboost_automatic,ENTREZ_699,BUB1
xgboost_automatic,ENTREZ_701,BUB1B
xgboost_automatic,ENTREZ_54838,C10orf26
xgboost_automatic,ENTREZ_119032,C10orf32
xgboost_automatic,ENTREZ_254439,C11orf86
xgboost_automatic,ENTREZ_254013,C12orf72
xgboost_automatic,ENTREZ_161394,C14orf174
xgboost_automatic,ENTREZ_80127,C14orf45
xgboost_automatic,ENTREZ_90417,C15orf23
xgboost_automatic,ENTREZ_90381,C15orf42
xgboost_automatic,ENTREZ_79650,C16orf57
xgboost_automatic,ENTREZ_56942,C16orf61
xgboost_automatic,ENTREZ_283987,C17orf28
xgboost_automatic,ENTREZ_352909,C19orf51
xgboost_automatic,ENTREZ_79000,C1orf135
xgboost_automatic,ENTREZ_149563,C1orf64
xgboost_automatic,ENTREZ_165257,C1QL2
xgboost_automatic,ENTREZ_338761,C1QL4
xgboost_automatic,ENTREZ_343990,C2orf55
xgboost_automatic,ENTREZ_132720,C4orf32
xgboost_automatic,ENTREZ_201895,C4orf34
xgboost_automatic,ENTREZ_90355,C5orf30
xgboost_automatic,ENTREZ_285600,C5orf36
xgboost_automatic,ENTREZ_79624,C6orf211
xgboost_automatic,ENTREZ_221718,C6orf218
xgboost_automatic,ENTREZ_80129,C6orf97
xgboost_automatic,ENTREZ_79846,C7orf63
xgboost_automatic,ENTREZ_138162,C9orf116
xgboost_automatic,ENTREZ_401546,C9orf152
xgboost_automatic,ENTREZ_401535,C9orf170
xgboost_automatic,ENTREZ_91283,C9orf30
xgboost_automatic,ENTREZ_55071,C9orf40
xgboost_automatic,ENTREZ_158067,C9orf98
xgboost_automatic,ENTREZ_771,CA12
xgboost_automatic,ENTREZ_776,CACNA1D
xgboost_automatic,ENTREZ_9254,CACNA2D2
xgboost_automatic,ENTREZ_79012,CAMKV
xgboost_automatic,ENTREZ_92291,CAPN13
xgboost_automatic,ENTREZ_388743,CAPN8
xgboost_automatic,ENTREZ_55259,CASC1
xgboost_automatic,ENTREZ_84733,CBX2
xgboost_automatic,ENTREZ_388389,CCDC103
xgboost_automatic,ENTREZ_202243,CCDC125
xgboost_automatic,ENTREZ_79825,CCDC48
xgboost_automatic,ENTREZ_257236,CCDC96
xgboost_automatic,ENTREZ_887,CCKBR
xgboost_automatic,ENTREZ_890,CCNA2
xgboost_automatic,ENTREZ_9133,CCNB2
xgboost_automatic,ENTREZ_898,CCNE1
xgboost_automatic,ENTREZ_8872,CDC123
xgboost_automatic,ENTREZ_991,CDC20
xgboost_automatic,ENTREZ_993,CDC25A
xgboost_automatic,ENTREZ_8318,CDC45
xgboost_automatic,ENTREZ_157313,CDCA2
xgboost_automatic,ENTREZ_83461,CDCA3
xgboost_automatic,ENTREZ_113130,CDCA5
xgboost_automatic,ENTREZ_83879,CDCA7
xgboost_automatic,ENTREZ_55143,CDCA8
xgboost_automatic,ENTREZ_983,CDK1
xgboost_automatic,ENTREZ_8099,CDK2AP1
xgboost_automatic,ENTREZ_1033,CDKN3
xgboost_automatic,ENTREZ_9620,CELSR1
xgboost_automatic,ENTREZ_1058,CENPA
xgboost_automatic,ENTREZ_1062,CENPE
xgboost_automatic,ENTREZ_55839,CENPN
xgboost_automatic,ENTREZ_79172,CENPO
xgboost_automatic,ENTREZ_387103,CENPW
xgboost_automatic,ENTREZ_55165,CEP55
xgboost_automatic,ENTREZ_1101,CHAD
xgboost_automatic,ENTREZ_1111,CHEK1
xgboost_automatic,ENTREZ_140578,CHODL
xgboost_automatic,ENTREZ_9435,CHST2
xgboost_automatic,ENTREZ_1153,CIRBP
xgboost_automatic,ENTREZ_1163,CKS1B
xgboost_automatic,ENTREZ_1183,CLCN4
xgboost_automatic,ENTREZ_64084,CLSTN2
xgboost_automatic,ENTREZ_134147,CMBL
xgboost_automatic,ENTREZ_132864,CPEB2
xgboost_automatic,ENTREZ_148327,CREB3L4
xgboost_automatic,ENTREZ_1408,CRY2
xgboost_automatic,ENTREZ_1410,CRYAB
xgboost_automatic,ENTREZ_196993,CT62
xgboost_automatic,ENTREZ_1503,CTPS
xgboost_automatic,ENTREZ_1515,CTSL2
xgboost_automatic,ENTREZ_6374,CXCL5
xgboost_automatic,ENTREZ_100132994,CXorf49B
xgboost_automatic,ENTREZ_203413,CXorf61
xgboost_automatic,ENTREZ_51523,CXXC5
xgboost_automatic,ENTREZ_1556,CYP2B7P1
xgboost_automatic,ENTREZ_163720,CYP4Z2P
xgboost_automatic,ENTREZ_1602,DACH1
xgboost_automatic,ENTREZ_10926,DBF4
xgboost_automatic,ENTREZ_23109,DDN
xgboost_automatic,ENTREZ_123099,DEGS2
xgboost_automatic,ENTREZ_7913,DEK
xgboost_automatic,ENTREZ_55635,DEPDC1
xgboost_automatic,ENTREZ_55789,DEPDC1B
xgboost_automatic,ENTREZ_1736,DKC1
xgboost_automatic,ENTREZ_9787,DLGAP5
xgboost_automatic,ENTREZ_1750,DLX6
xgboost_automatic,ENTREZ_1761,DMRT1
xgboost_automatic,ENTREZ_1767,DNAH5
xgboost_automatic,ENTREZ_56171,DNAH7
xgboost_automatic,ENTREZ_56521,DNAJC12
xgboost_automatic,ENTREZ_83544,DNAL1
xgboost_automatic,ENTREZ_7802,DNALI1
xgboost_automatic,ENTREZ_29980,DONSON
xgboost_automatic,ENTREZ_79075,DSCC1
xgboost_automatic,ENTREZ_83657,DYNLRB2
xgboost_automatic,ENTREZ_1870,E2F2
xgboost_automatic,ENTREZ_1871,E2F3
xgboost_automatic,ENTREZ_9718,ECE2
xgboost_automatic,ENTREZ_64800,EFCAB6
xgboost_automatic,ENTREZ_2019,EN1
xgboost_automatic,ENTREZ_2023,ENO1
xgboost_automatic,ENTREZ_5167,ENPP1
xgboost_automatic,ENTREZ_2066,ERBB4
xgboost_automatic,ENTREZ_57222,ERGIC1
xgboost_automatic,ENTREZ_2099,ESR1
xgboost_automatic,ENTREZ_83850,ESYT3
xgboost_automatic,ENTREZ_51466,EVL
xgboost_automatic,ENTREZ_9156,EXO1
xgboost_automatic,ENTREZ_54536,EXOC6
xgboost_automatic,ENTREZ_2146,EZH2
xgboost_automatic,ENTREZ_2155,F7
xgboost_automatic,ENTREZ_139285,FAM123B
xgboost_automatic,ENTREZ_84908,FAM136A
xgboost_automatic,ENTREZ_221061,FAM171A1
xgboost_automatic,ENTREZ_345757,FAM174A
xgboost_automatic,ENTREZ_400451,FAM174B
xgboost_automatic,ENTREZ_51313,FAM198B
xgboost_automatic,ENTREZ_284467,FAM19A3
xgboost_automatic,ENTREZ_100129583,FAM47E
xgboost_automatic,ENTREZ_113115,FAM54A
xgboost_automatic,ENTREZ_55793,FAM63A
xgboost_automatic,ENTREZ_54478,FAM64A
xgboost_automatic,ENTREZ_653820,FAM72B
xgboost_automatic,ENTREZ_81610,FAM83D
xgboost_automatic,ENTREZ_2175,FANCA
xgboost_automatic,ENTREZ_2178,FANCE
xgboost_automatic,ENTREZ_2203,FBP1
xgboost_automatic,ENTREZ_26234,FBXL5
xgboost_automatic,ENTREZ_130888,FBXO36
xgboost_automatic,ENTREZ_55612,FERMT1
xgboost_automatic,ENTREZ_89846,FGD3
xgboost_automatic,ENTREZ_9982,FGFBP1
xgboost_automatic,ENTREZ_399717,GATA3-AS1
xgboost_automatic,ENTREZ_3169,FOXA1
xgboost_automatic,ENTREZ_2296,FOXC1
xgboost_automatic,ENTREZ_2305,FOXM1
xgboost_automatic,ENTREZ_6624,FSCN1
xgboost_automatic,ENTREZ_161835,FSIP1
xgboost_automatic,ENTREZ_8326,FZD9
xgboost_automatic,ENTREZ_9568,GABBR2
xgboost_automatic,ENTREZ_2568,GABRP
xgboost_automatic,ENTREZ_51083,GAL
xgboost_automatic,ENTREZ_2593,GAMT
xgboost_automatic,ENTREZ_2625,GATA3
xgboost_automatic,ENTREZ_8200,GDF5
xgboost_automatic,ENTREZ_2674,GFRA1
xgboost_automatic,ENTREZ_2676,GFRA3
xgboost_automatic,ENTREZ_54826,GIN1
xgboost_automatic,ENTREZ_9837,GINS1
xgboost_automatic,ENTREZ_2707,GJB3
xgboost_automatic,ENTREZ_8833,GMPS
xgboost_automatic,ENTREZ_2813,GP2
xgboost_automatic,ENTREZ_11321,GPN1
xgboost_automatic,ENTREZ_26996,GPR160
xgboost_automatic,ENTREZ_27202,GPR77
xgboost_automatic,ENTREZ_27198,GPR81
xgboost_automatic,ENTREZ_29899,GPSM2
xgboost_automatic,ENTREZ_9687,GREB1
xgboost_automatic,ENTREZ_2925,GRPR
xgboost_automatic,ENTREZ_83903,GSG2
xgboost_automatic,ENTREZ_23560,GTPBP4
xgboost_automatic,ENTREZ_51512,GTSE1
xgboost_automatic,ENTREZ_145864,HAPLN3
xgboost_automatic,ENTREZ_55733,HHAT
xgboost_automatic,ENTREZ_55355,HJURP
xgboost_automatic,ENTREZ_3159,HMGA1
xgboost_automatic,ENTREZ_84072,HORMAD1
xgboost_automatic,ENTREZ_646962,HRCT1
xgboost_automatic,ENTREZ_8739,HRK
xgboost_automatic,ENTREZ_3475,IFRD1
xgboost_automatic,ENTREZ_10644,IGF2BP2
xgboost_automatic,ENTREZ_10643,IGF2BP3
xgboost_automatic,ENTREZ_3483,IGFALS
xgboost_automatic,ENTREZ_3595,IL12RB2
xgboost_automatic,ENTREZ_27160,INGX
xgboost_automatic,ENTREZ_8821,INPP4B
xgboost_automatic,ENTREZ_27124,INPP5J
xgboost_automatic,ENTREZ_3712,IVD
xgboost_automatic,ENTREZ_56888,KCMF1
xgboost_automatic,ENTREZ_3755,KCNG1
xgboost_automatic,ENTREZ_3767,KCNJ11
xgboost_automatic,ENTREZ_60598,KCNK15
xgboost_automatic,ENTREZ_8645,KCNK5
xgboost_automatic,ENTREZ_9132,KCNQ4
xgboost_automatic,ENTREZ_3787,KCNS1
xgboost_automatic,ENTREZ_23030,KDM4B
xgboost_automatic,ENTREZ_9933,KIAA0020
xgboost_automatic,ENTREZ_9674,KIAA0040
xgboost_automatic,ENTREZ_9778,KIAA0232
xgboost_automatic,ENTREZ_57535,KIAA1324
xgboost_automatic,ENTREZ_56204,KIAA1370
xgboost_automatic,ENTREZ_9928,KIF14
xgboost_automatic,ENTREZ_81930,KIF18A
xgboost_automatic,ENTREZ_146909,KIF18B
xgboost_automatic,ENTREZ_10112,KIF20A
xgboost_automatic,ENTREZ_9493,KIF23
xgboost_automatic,ENTREZ_11004,KIF2C
xgboost_automatic,ENTREZ_24137,KIF4A
xgboost_automatic,ENTREZ_3833,KIFC1
xgboost_automatic,ENTREZ_122773,KLHDC1
xgboost_automatic,ENTREZ_5653,KLK6
xgboost_automatic,ENTREZ_3838,KPNA2
xgboost_automatic,ENTREZ_3868,KRT16
xgboost_automatic,ENTREZ_3857,KRT9
xgboost_automatic,ENTREZ_91133,L3MBTL4
xgboost_automatic,ENTREZ_9836,LCMT2
xgboost_automatic,ENTREZ_3945,LDHB
xgboost_automatic,ENTREZ_93273,LEMD1
xgboost_automatic,ENTREZ_51474,LIMA1
xgboost_automatic,ENTREZ_4010,LMX1B
xgboost_automatic,ENTREZ_100130148,MAPT-IT1
xgboost_automatic,ENTREZ_145837,DRAIC
xgboost_automatic,ENTREZ_284578,MFSD4A-AS1
xgboost_automatic,ENTREZ_84740,AFAP1-AS1
xgboost_automatic,ENTREZ_84856,LINC00839
xgboost_automatic,ENTREZ_164832,LONRF2
xgboost_automatic,ENTREZ_23175,LPIN1
xgboost_automatic,ENTREZ_26018,LRIG1
xgboost_automatic,ENTREZ_7804,LRP8
xgboost_automatic,ENTREZ_90506,LRRC46
xgboost_automatic,ENTREZ_83450,LRRC48
xgboost_automatic,ENTREZ_123872,LRRC50
xgboost_automatic,ENTREZ_220074,LRTOMT
xgboost_automatic,ENTREZ_4085,MAD2L1
xgboost_automatic,ENTREZ_4115,MAGEB4
xgboost_automatic,ENTREZ_10916,MAGED2
xgboost_automatic,ENTREZ_23324,MAN2B2
xgboost_automatic,ENTREZ_7786,MAP3K12
xgboost_automatic,ENTREZ_5596,MAPK4
xgboost_automatic,ENTREZ_4137,MAPT
xgboost_automatic,ENTREZ_8785,MATN4
xgboost_automatic,ENTREZ_64087,MCCC2
xgboost_automatic,ENTREZ_55388,MCM10
xgboost_automatic,ENTREZ_4175,MCM6
xgboost_automatic,ENTREZ_4176,MCM7
xgboost_automatic,ENTREZ_9833,MELK
xgboost_automatic,ENTREZ_51072,MEMO1
xgboost_automatic,ENTREZ_4241,MFI2
xgboost_automatic,ENTREZ_8190,MIA
xgboost_automatic,ENTREZ_85377,MICALL1
xgboost_automatic,ENTREZ_57496,MKL2
xgboost_automatic,ENTREZ_79083,MLPH
xgboost_automatic,ENTREZ_51678,MPP6
xgboost_automatic,ENTREZ_25902,MTHFD1L
xgboost_automatic,ENTREZ_4602,MYB
xgboost_automatic,ENTREZ_4605,MYBL2
xgboost_automatic,ENTREZ_55930,MYO5C
xgboost_automatic,ENTREZ_25924,MYRIP
xgboost_automatic,ENTREZ_9,NAT1
xgboost_automatic,ENTREZ_9918,NCAPD2
xgboost_automatic,ENTREZ_64151,NCAPG
xgboost_automatic,ENTREZ_23397,NCAPH
xgboost_automatic,ENTREZ_8440,NCK2
xgboost_automatic,ENTREZ_100188953,NCRNA00092
xgboost_automatic,ENTREZ_378825,NCRNA00162
xgboost_automatic,ENTREZ_10403,NDC80
xgboost_automatic,ENTREZ_152110,NEK10
xgboost_automatic,ENTREZ_91754,NEK9
xgboost_automatic,ENTREZ_115677,NOSTRIN
xgboost_automatic,ENTREZ_7101,NR2E1
xgboost_automatic,ENTREZ_83594,NUDT12
xgboost_automatic,ENTREZ_11164,NUDT5
xgboost_automatic,ENTREZ_83540,NUF2
xgboost_automatic,ENTREZ_9688,NUP93
xgboost_automatic,ENTREZ_158046,NXNL2
xgboost_automatic,ENTREZ_4948,OCA2
xgboost_automatic,ENTREZ_11339,OIP5
xgboost_automatic,ENTREZ_55301,OLAH
xgboost_automatic,ENTREZ_4986,OPRK1
xgboost_automatic,ENTREZ_4998,ORC1L
xgboost_automatic,ENTREZ_23594,ORC6L
xgboost_automatic,ENTREZ_54681,P4HTM
xgboost_automatic,ENTREZ_55003,PAK1IP1
xgboost_automatic,ENTREZ_9061,PAPSS1
xgboost_automatic,ENTREZ_84105,PCBD2
xgboost_automatic,ENTREZ_126006,PCP2
xgboost_automatic,ENTREZ_54760,PCSK4
xgboost_automatic,ENTREZ_9141,PDCD5
xgboost_automatic,ENTREZ_10130,PDIA6
xgboost_automatic,ENTREZ_23590,PDSS1
xgboost_automatic,ENTREZ_54858,PGPEP1
xgboost_automatic,ENTREZ_5241,PGR
xgboost_automatic,ENTREZ_26227,PHGDH
xgboost_automatic,ENTREZ_80119,PIF1
xgboost_automatic,ENTREZ_5347,PLK1
xgboost_automatic,ENTREZ_5351,PLOD1
xgboost_automatic,ENTREZ_135293,PM20D2
xgboost_automatic,ENTREZ_10721,POLQ
xgboost_automatic,ENTREZ_10940,POP1
xgboost_automatic,ENTREZ_5457,POU4F1
xgboost_automatic,ENTREZ_5460,POU5F1
xgboost_automatic,ENTREZ_81706,PPP1R14C
xgboost_automatic,ENTREZ_59336,PRDM13
xgboost_automatic,ENTREZ_57580,PREX1
xgboost_automatic,ENTREZ_5613,PRKX
xgboost_automatic,ENTREZ_222171,PRR15
xgboost_automatic,ENTREZ_285368,PRRT3
xgboost_automatic,ENTREZ_260429,PRSS33
xgboost_automatic,ENTREZ_29968,PSAT1
xgboost_automatic,ENTREZ_5690,PSMB2
xgboost_automatic,ENTREZ_11122,PTPRT
xgboost_automatic,ENTREZ_9232,PTTG1
xgboost_automatic,ENTREZ_5806,PTX3
xgboost_automatic,ENTREZ_64284,RAB17
xgboost_automatic,ENTREZ_9135,RABEP1
xgboost_automatic,ENTREZ_5888,RAD51
xgboost_automatic,ENTREZ_10635,RAD51AP1
xgboost_automatic,ENTREZ_8438,RAD54L
xgboost_automatic,ENTREZ_154064,RAET1L
xgboost_automatic,ENTREZ_10742,RAI2
xgboost_automatic,ENTREZ_55103,RALGPS2
xgboost_automatic,ENTREZ_5902,RANBP1
xgboost_automatic,ENTREZ_5914,RARA
xgboost_automatic,ENTREZ_255426,RASGEF1C
xgboost_automatic,ENTREZ_84991,RBM17
xgboost_automatic,ENTREZ_54502,RBM47
xgboost_automatic,ENTREZ_65055,REEP1
xgboost_automatic,ENTREZ_7905,REEP5
xgboost_automatic,ENTREZ_92840,REEP6
xgboost_automatic,ENTREZ_85004,RERG
xgboost_automatic,ENTREZ_5984,RFC4
xgboost_automatic,ENTREZ_56963,RGMA
xgboost_automatic,ENTREZ_5995,RGR
xgboost_automatic,ENTREZ_26166,RGS22
xgboost_automatic,ENTREZ_51458,RHCG
xgboost_automatic,ENTREZ_388,RHOB
xgboost_automatic,ENTREZ_83732,RIOK1
xgboost_automatic,ENTREZ_8767,RIPK2
xgboost_automatic,ENTREZ_6017,RLBP1
xgboost_automatic,ENTREZ_246243,RNASEH1
xgboost_automatic,ENTREZ_27289,RND1
xgboost_automatic,ENTREZ_7844,RNF103
xgboost_automatic,ENTREZ_9025,RNF8
xgboost_automatic,ENTREZ_54763,ROPN1
xgboost_automatic,ENTREZ_152015,ROPN1B
xgboost_automatic,ENTREZ_22934,RPIA
xgboost_automatic,ENTREZ_6241,RRM2
xgboost_automatic,ENTREZ_146923,RUNDC1
xgboost_automatic,ENTREZ_374897,SBSN
xgboost_automatic,ENTREZ_29970,SCHIP1
xgboost_automatic,ENTREZ_6337,SCNN1A
xgboost_automatic,ENTREZ_11341,SCRG1
xgboost_automatic,ENTREZ_57758,SCUBE2
xgboost_automatic,ENTREZ_51091,SEPSECS
xgboost_automatic,ENTREZ_26135,SERBP1
xgboost_automatic,ENTREZ_256394,SERPINA11
xgboost_automatic,ENTREZ_6422,SFRP1
xgboost_automatic,ENTREZ_135295,SFRS13B
xgboost_automatic,ENTREZ_375035,SFT2D2
xgboost_automatic,ENTREZ_151648,SGOL1
xgboost_automatic,ENTREZ_79801,SHCBP1
xgboost_automatic,ENTREZ_54847,SIDT1
xgboost_automatic,ENTREZ_220134,SKA1
xgboost_automatic,ENTREZ_221150,SKA3
xgboost_automatic,ENTREZ_6500,SKP1
xgboost_automatic,ENTREZ_6564,SLC15A1
xgboost_automatic,ENTREZ_9120,SLC16A6
xgboost_automatic,ENTREZ_6584,SLC22A5
xgboost_automatic,ENTREZ_115019,SLC26A9
xgboost_automatic,ENTREZ_25800,SLC39A6
xgboost_automatic,ENTREZ_80736,SLC44A4
xgboost_automatic,ENTREZ_9498,SLC4A8
xgboost_automatic,ENTREZ_6530,SLC6A2
xgboost_automatic,ENTREZ_8140,SLC7A5
xgboost_automatic,ENTREZ_23428,SLC7A8
xgboost_automatic,ENTREZ_6664,SOX11
xgboost_automatic,ENTREZ_25803,SPDEF
xgboost_automatic,ENTREZ_25876,SPEF1
xgboost_automatic,ENTREZ_79925,SPEF2
xgboost_automatic,ENTREZ_6732,SRPK1
xgboost_automatic,ENTREZ_6769,STAC
xgboost_automatic,ENTREZ_6491,STIL
xgboost_automatic,ENTREZ_55351,STK32B
xgboost_automatic,ENTREZ_11329,STK38
xgboost_automatic,ENTREZ_3925,STMN1
xgboost_automatic,ENTREZ_6821,SUOX
xgboost_automatic,ENTREZ_203328,SUSD3
xgboost_automatic,ENTREZ_79723,SUV39H2
xgboost_automatic,ENTREZ_55638,SYBU
xgboost_automatic,ENTREZ_143425,SYT9
xgboost_automatic,ENTREZ_54843,SYTL2
xgboost_automatic,ENTREZ_94121,SYTL4
xgboost_automatic,ENTREZ_94122,SYTL5
xgboost_automatic,ENTREZ_93624,TADA2B
xgboost_automatic,ENTREZ_23158,TBC1D9
xgboost_automatic,ENTREZ_9095,TBX19
xgboost_automatic,ENTREZ_9338,TCEAL1
xgboost_automatic,ENTREZ_6941,TCF19
xgboost_automatic,ENTREZ_83439,TCF7L1
xgboost_automatic,ENTREZ_23371,TENC1
xgboost_automatic,ENTREZ_54881,TEX10
xgboost_automatic,ENTREZ_7031,TFF1
xgboost_automatic,ENTREZ_7033,TFF3
xgboost_automatic,ENTREZ_79875,THSD4
xgboost_automatic,ENTREZ_166815,TIGD2
xgboost_automatic,ENTREZ_7090,TLE3
xgboost_automatic,ENTREZ_51643,TMBIM4
xgboost_automatic,ENTREZ_7009,TMBIM6
xgboost_automatic,ENTREZ_79838,TMC5
xgboost_automatic,ENTREZ_9911,TMCC2
xgboost_automatic,ENTREZ_55314,TMEM144
xgboost_automatic,ENTREZ_84866,TMEM25
xgboost_automatic,ENTREZ_120224,TMEM45B
xgboost_automatic,ENTREZ_57156,TMEM63C
xgboost_automatic,ENTREZ_27324,TOX3
xgboost_automatic,ENTREZ_285386,TPRG1
xgboost_automatic,ENTREZ_22974,TPX2
xgboost_automatic,ENTREZ_10612,TRIM3
xgboost_automatic,ENTREZ_9319,TRIP13
xgboost_automatic,ENTREZ_10024,TROAP
xgboost_automatic,ENTREZ_10103,TSPAN1
xgboost_automatic,ENTREZ_27075,TSPAN13
xgboost_automatic,ENTREZ_143941,TTC36
xgboost_automatic,ENTREZ_22996,TTC39A
xgboost_automatic,ENTREZ_123016,TTC8
xgboost_automatic,ENTREZ_7272,TTK
xgboost_automatic,ENTREZ_9654,TTLL4
xgboost_automatic,ENTREZ_57348,TTYH1
xgboost_automatic,ENTREZ_84790,TUBA1C
xgboost_automatic,ENTREZ_203068,TUBB
xgboost_automatic,ENTREZ_11065,UBE2C
xgboost_automatic,ENTREZ_29089,UBE2T
xgboost_automatic,ENTREZ_127733,UBXN10
xgboost_automatic,ENTREZ_165324,UBXN2A
xgboost_automatic,ENTREZ_7371,UCK2
xgboost_automatic,ENTREZ_7368,UGT8
xgboost_automatic,ENTREZ_7388,UQCRH
xgboost_automatic,ENTREZ_10451,VAV3
xgboost_automatic,ENTREZ_51442,VGLL1
xgboost_automatic,ENTREZ_57728,WDR19
xgboost_automatic,ENTREZ_7466,WFS1
xgboost_automatic,ENTREZ_7475,WNT6
xgboost_automatic,ENTREZ_11059,WWP1
xgboost_automatic,ENTREZ_7494,XBP1
xgboost_automatic,ENTREZ_57510,XPO5
xgboost_automatic,ENTREZ_4904,YBX1
xgboost_automatic,ENTREZ_55689,YEATS2
xgboost_automatic,ENTREZ_100128927,ZBTB42
xgboost_automatic,ENTREZ_124220,ZG16B
xgboost_automatic,ENTREZ_51364,ZMYND10
xgboost_automatic,ENTREZ_79818,ZNF552
xgboost_automatic,ENTREZ_57116,ZNF695
xgboost_automatic,ENTREZ_80139,ZNF703
