case_id,feature_id,gene_symbol,outer_folds_selected,in_pam50
logistic_automatic,ENTREZ_144568,A2ML1,5,False
logistic_automatic,ENTREZ_18,ABAT,5,False
logistic_automatic,ENTREZ_6833,ABCC8,5,False
logistic_automatic,ENTREZ_36,ACADSB,5,False
logistic_automatic,ENTREZ_3899,AFF3,5,False
logistic_automatic,ENTREZ_10551,AGR2,5,False
logistic_automatic,ENTREZ_155465,AGR3,5,False
logistic_automatic,ENTREZ_276,AMY1A,3,False
logistic_automatic,ENTREZ_8416,ANXA9,5,False
logistic_automatic,ENTREZ_367,AR,5,False
logistic_automatic,ENTREZ_22901,ARSG,5,False
logistic_automatic,ENTREZ_419,ART3,5,False
logistic_automatic,ENTREZ_84002,B3GNT5,5,False
logistic_automatic,ENTREZ_8537,BCAS1,5,False
logistic_automatic,ENTREZ_283987,C17orf28,5,False
logistic_automatic,ENTREZ_149563,C1orf64,5,False
logistic_automatic,ENTREZ_201895,C4orf34,4,False
logistic_automatic,ENTREZ_285600,C5orf36,4,False
logistic_automatic,ENTREZ_80129,C6orf97,5,False
logistic_automatic,ENTREZ_401546,C9orf152,5,False
logistic_automatic,ENTREZ_401535,C9orf170,5,False
logistic_automatic,ENTREZ_771,CA12,5,False
logistic_automatic,ENTREZ_92291,CAPN13,5,False
logistic_automatic,ENTREZ_388743,CAPN8,3,False
logistic_automatic,ENTREZ_202243,CCDC125,5,False
logistic_automatic,ENTREZ_898,CCNE1,5,True
logistic_automatic,ENTREZ_991,CDC20,4,True
logistic_automatic,ENTREZ_55143,CDCA8,5,False
logistic_automatic,ENTREZ_1058,CENPA,5,False
logistic_automatic,ENTREZ_55839,CENPN,5,False
logistic_automatic,ENTREZ_387103,CENPW,5,False
logistic_automatic,ENTREZ_140578,CHODL,5,False
logistic_automatic,ENTREZ_64084,CLSTN2,5,False
logistic_automatic,ENTREZ_134147,CMBL,5,False
logistic_automatic,ENTREZ_196993,CT62,5,False
logistic_automatic,ENTREZ_203413,CXorf61,5,False
logistic_automatic,ENTREZ_1556,CYP2B7P1,2,False
logistic_automatic,ENTREZ_1602,DACH1,2,False
logistic_automatic,ENTREZ_123099,DEGS2,5,False
logistic_automatic,ENTREZ_7802,DNALI1,5,False
logistic_automatic,ENTREZ_2066,ERBB4,5,False
logistic_automatic,ENTREZ_2099,ESR1,5,True
logistic_automatic,ENTREZ_221061,FAM171A1,5,False
logistic_automatic,ENTREZ_100129583,FAM47E,5,False
logistic_automatic,ENTREZ_2203,FBP1,5,False
logistic_automatic,ENTREZ_399717,GATA3-AS1,5,False
logistic_automatic,ENTREZ_3169,FOXA1,5,True
logistic_automatic,ENTREZ_2296,FOXC1,5,True
logistic_automatic,ENTREZ_2305,FOXM1,3,False
logistic_automatic,ENTREZ_161835,FSIP1,5,False
logistic_automatic,ENTREZ_8326,FZD9,5,False
logistic_automatic,ENTREZ_9568,GABBR2,5,False
logistic_automatic,ENTREZ_2625,GATA3,5,False
logistic_automatic,ENTREZ_26996,GPR160,5,True
logistic_automatic,ENTREZ_27202,GPR77,5,False
logistic_automatic,ENTREZ_9687,GREB1,5,False
logistic_automatic,ENTREZ_84072,HORMAD1,5,False
logistic_automatic,ENTREZ_3475,IFRD1,5,False
logistic_automatic,ENTREZ_8821,INPP4B,5,False
logistic_automatic,ENTREZ_3767,KCNJ11,5,False
logistic_automatic,ENTREZ_23030,KDM4B,3,False
logistic_automatic,ENTREZ_3868,KRT16,5,False
logistic_automatic,ENTREZ_93273,LEMD1,5,False
logistic_automatic,ENTREZ_145837,DRAIC,5,False
logistic_automatic,ENTREZ_4137,MAPT,5,True
logistic_automatic,ENTREZ_85377,MICALL1,5,False
logistic_automatic,ENTREZ_79083,MLPH,5,True
logistic_automatic,ENTREZ_4602,MYB,4,False
logistic_automatic,ENTREZ_9,NAT1,5,True
logistic_automatic,ENTREZ_115677,NOSTRIN,5,False
logistic_automatic,ENTREZ_55301,OLAH,3,False
logistic_automatic,ENTREZ_23590,PDSS1,5,False
logistic_automatic,ENTREZ_5241,PGR,5,True
logistic_automatic,ENTREZ_81706,PPP1R14C,5,False
logistic_automatic,ENTREZ_222171,PRR15,5,False
logistic_automatic,ENTREZ_260429,PRSS33,3,False
logistic_automatic,ENTREZ_29968,PSAT1,5,False
logistic_automatic,ENTREZ_54763,ROPN1,5,False
logistic_automatic,ENTREZ_152015,ROPN1B,3,False
logistic_automatic,ENTREZ_57758,SCUBE2,5,False
logistic_automatic,ENTREZ_135295,SFRS13B,5,False
logistic_automatic,ENTREZ_54847,SIDT1,5,False
logistic_automatic,ENTREZ_6584,SLC22A5,5,False
logistic_automatic,ENTREZ_80736,SLC44A4,5,False
logistic_automatic,ENTREZ_23428,SLC7A8,5,False
logistic_automatic,ENTREZ_25803,SPDEF,5,False
logistic_automatic,ENTREZ_79723,SUV39H2,4,False
logistic_automatic,ENTREZ_23158,TBC1D9,5,False
logistic_automatic,ENTREZ_7031,TFF1,5,False
logistic_automatic,ENTREZ_7033,TFF3,5,False
logistic_automatic,ENTREZ_79875,THSD4,5,False
logistic_automatic,ENTREZ_22974,TPX2,2,False
logistic_automatic,ENTREZ_143941,TTC36,5,False
logistic_automatic,ENTREZ_7272,TTK,4,False
logistic_automatic,ENTREZ_9654,TTLL4,4,False
logistic_automatic,ENTREZ_51442,VGLL1,5,False
logistic_automatic,ENTREZ_7494,XBP1,5,False
logistic_automatic,ENTREZ_4904,YBX1,5,False
logistic_automatic,ENTREZ_51364,ZMYND10,5,False
logistic_automatic,ENTREZ_79818,ZNF552,5,False
random_forest_automatic,ENTREZ_144568,A2ML1,5,False
random_forest_automatic,ENTREZ_18,ABAT,5,False
random_forest_automatic,ENTREZ_6833,ABCC8,5,False
random_forest_automatic,ENTREZ_36,ACADSB,5,False
random_forest_automatic,ENTREZ_3899,AFF3,5,False
random_forest_automatic,ENTREZ_10551,AGR2,5,False
random_forest_automatic,ENTREZ_155465,AGR3,5,False
random_forest_automatic,ENTREZ_276,AMY1A,3,False
random_forest_automatic,ENTREZ_8416,ANXA9,5,False
random_forest_automatic,ENTREZ_367,AR,5,False
random_forest_automatic,ENTREZ_22901,ARSG,5,False
random_forest_automatic,ENTREZ_419,ART3,5,False
random_forest_automatic,ENTREZ_84002,B3GNT5,5,False
random_forest_automatic,ENTREZ_8537,BCAS1,5,False
random_forest_automatic,ENTREZ_283987,C17orf28,5,False
random_forest_automatic,ENTREZ_149563,C1orf64,5,False
random_forest_automatic,ENTREZ_201895,C4orf34,4,False
random_forest_automatic,ENTREZ_285600,C5orf36,4,False
random_forest_automatic,ENTREZ_80129,C6orf97,5,False
random_forest_automatic,ENTREZ_401546,C9orf152,5,False
random_forest_automatic,ENTREZ_401535,C9orf170,5,False
random_forest_automatic,ENTREZ_771,CA12,5,False
random_forest_automatic,ENTREZ_92291,CAPN13,5,False
random_forest_automatic,ENTREZ_388743,CAPN8,3,False
random_forest_automatic,ENTREZ_202243,CCDC125,5,False
random_forest_automatic,ENTREZ_898,CCNE1,5,True
random_forest_automatic,ENTREZ_991,CDC20,4,True
random_forest_automatic,ENTREZ_55143,CDCA8,5,False
random_forest_automatic,ENTREZ_1058,CENPA,5,False
random_forest_automatic,ENTREZ_55839,CENPN,5,False
random_forest_automatic,ENTREZ_387103,CENPW,5,False
random_forest_automatic,ENTREZ_140578,CHODL,5,False
random_forest_automatic,ENTREZ_64084,CLSTN2,5,False
random_forest_automatic,ENTREZ_134147,CMBL,5,False
random_forest_automatic,ENTREZ_196993,CT62,5,False
random_forest_automatic,ENTREZ_203413,CXorf61,5,False
random_forest_automatic,ENTREZ_1556,CYP2B7P1,2,False
random_forest_automatic,ENTREZ_1602,DACH1,2,False
random_forest_automatic,ENTREZ_123099,DEGS2,5,False
random_forest_automatic,ENTREZ_7802,DNALI1,5,False
random_forest_automatic,ENTREZ_2066,ERBB4,5,False
random_forest_automatic,ENTREZ_2099,ESR1,5,True
random_forest_automatic,ENTREZ_221061,FAM171A1,5,False
random_forest_automatic,ENTREZ_100129583,FAM47E,5,False
random_forest_automatic,ENTREZ_2203,FBP1,5,False
random_forest_automatic,ENTREZ_399717,GATA3-AS1,5,False
random_forest_automatic,ENTREZ_3169,FOXA1,5,True
random_forest_automatic,ENTREZ_2296,FOXC1,5,True
random_forest_automatic,ENTREZ_2305,FOXM1,3,False
random_forest_automatic,ENTREZ_161835,FSIP1,5,False
random_forest_automatic,ENTREZ_8326,FZD9,5,False
random_forest_automatic,ENTREZ_9568,GABBR2,5,False
random_forest_automatic,ENTREZ_2625,GATA3,5,False
random_forest_automatic,ENTREZ_26996,GPR160,5,True
random_forest_automatic,ENTREZ_27202,GPR77,5,False
random_forest_automatic,ENTREZ_9687,GREB1,5,False
random_forest_automatic,ENTREZ_84072,HORMAD1,5,False
random_forest_automatic,ENTREZ_3475,IFRD1,5,False
random_forest_automatic,ENTREZ_8821,INPP4B,5,False
random_forest_automatic,ENTREZ_3767,KCNJ11,5,False
random_forest_automatic,ENTREZ_23030,KDM4B,3,False
random_forest_automatic,ENTREZ_3868,KRT16,5,False
random_forest_automatic,ENTREZ_93273,LEMD1,5,False
random_forest_automatic,ENTREZ_145837,DRAIC,5,False
random_forest_automatic,ENTREZ_4137,MAPT,5,True
random_forest_automatic,ENTREZ_85377,MICALL1,5,False
random_forest_automatic,ENTREZ_79083,MLPH,5,True
random_forest_automatic,ENTREZ_4602,MYB,4,False
random_forest_automatic,ENTREZ_9,NAT1,5,True
random_forest_automatic,ENTREZ_115677,NOSTRIN,5,False
random_forest_automatic,ENTREZ_55301,OLAH,3,False
random_forest_automatic,ENTREZ_23590,PDSS1,5,False
random_forest_automatic,ENTREZ_5241,PGR,5,True
random_forest_automatic,ENTREZ_81706,PPP1R14C,5,False
random_forest_automatic,ENTREZ_222171,PRR15,5,False
random_forest_automatic,ENTREZ_260429,PRSS33,3,False
random_forest_automatic,ENTREZ_29968,PSAT1,5,False
random_forest_automatic,ENTREZ_54763,ROPN1,5,False
random_forest_automatic,ENTREZ_152015,ROPN1B,3,False
random_forest_automatic,ENTREZ_57758,SCUBE2,5,False
random_forest_automatic,ENTREZ_135295,SFRS13B,5,False
random_forest_automatic,ENTREZ_54847,SIDT1,5,False
random_forest_automatic,ENTREZ_6584,SLC22A5,5,False
random_forest_automatic,ENTREZ_80736,SLC44A4,5,False
random_forest_automatic,ENTREZ_23428,SLC7A8,5,False
random_forest_automatic,ENTREZ_25803,SPDEF,5,False
random_forest_automatic,ENTREZ_79723,SUV39H2,4,False
random_forest_automatic,ENTREZ_23158,TBC1D9,5,False
random_forest_automatic,ENTREZ_7031,TFF1,5,False
random_forest_automatic,ENTREZ_7033,TFF3,5,False
random_forest_automatic,ENTREZ_79875,THSD4,5,False
random_forest_automatic,ENTREZ_22974,TPX2,2,False
random_forest_automatic,ENTREZ_143941,TTC36,5,False
random_forest_automatic,ENTREZ_7272,TTK,4,False
random_forest_automatic,ENTREZ_9654,TTLL4,4,False
random_forest_automatic,ENTREZ_51442,VGLL1,5,False
random_forest_automatic,ENTREZ_7494,XBP1,5,False
random_forest_automatic,ENTREZ_4904,YBX1,5,False
random_forest_automatic,ENTREZ_51364,ZMYND10,5,False
random_forest_automatic,ENTREZ_79818,ZNF552,5,False
xgboost_automatic,ENTREZ_90288,EFCAB12,5,False
xgboost_automatic,ENTREZ_144568,A2ML1,5,False
xgboost_automatic,ENTREZ_18,ABAT,5,False
xgboost_automatic,ENTREZ_85320,ABCC11,5,False
xgboost_automatic,ENTREZ_6833,ABCC8,5,False
xgboost_automatic,ENTREZ_22885,ABLIM3,5,False
xgboost_automatic,ENTREZ_36,ACADSB,5,False
xgboost_automatic,ENTREZ_59272,ACE2,3,False
xgboost_automatic,ENTREZ_122970,ACOT4,5,False
xgboost_automatic,ENTREZ_170689,ADAMTS15,5,False
xgboost_automatic,ENTREZ_115,ADCY9,4,False
xgboost_automatic,ENTREZ_3899,AFF3,5,False
xgboost_automatic,ENTREZ_10551,AGR2,5,False
xgboost_automatic,ENTREZ_155465,AGR3,5,False
xgboost_automatic,ENTREZ_22977,AKR7A3,5,False
xgboost_automatic,ENTREZ_262,AMD1,4,False
xgboost_automatic,ENTREZ_276,AMY1A,5,False
xgboost_automatic,ENTREZ_57763,ANKRA2,5,False
xgboost_automatic,ENTREZ_91074,ANKRD30A,5,False
xgboost_automatic,ENTREZ_54443,ANLN,5,True
xgboost_automatic,ENTREZ_8416,ANXA9,5,False
xgboost_automatic,ENTREZ_323,APBB2,5,False
xgboost_automatic,ENTREZ_83464,APH1B,5,False
xgboost_automatic,ENTREZ_367,AR,5,False
xgboost_automatic,ENTREZ_22901,ARSG,5,False
xgboost_automatic,ENTREZ_419,ART3,5,False
xgboost_automatic,ENTREZ_259266,ASPM,4,False
xgboost_automatic,ENTREZ_64225,ATL2,5,False
xgboost_automatic,ENTREZ_245973,ATP6V1C2,5,False
xgboost_automatic,ENTREZ_540,ATP7B,4,False
xgboost_automatic,ENTREZ_5205,ATP8B1,5,False
xgboost_automatic,ENTREZ_6790,AURKA,5,False
xgboost_automatic,ENTREZ_9212,AURKB,5,False
xgboost_automatic,ENTREZ_84002,B3GNT5,5,False
xgboost_automatic,ENTREZ_582,BBS1,5,False
xgboost_automatic,ENTREZ_585,BBS4,5,False
xgboost_automatic,ENTREZ_4059,BCAM,5,False
xgboost_automatic,ENTREZ_8537,BCAS1,5,False
xgboost_automatic,ENTREZ_53335,BCL11A,5,False
xgboost_automatic,ENTREZ_596,BCL2,5,True
xgboost_automatic,ENTREZ_332,BIRC5,5,True
xgboost_automatic,ENTREZ_641,BLM,5,False
xgboost_automatic,ENTREZ_671,BPI,4,False
xgboost_automatic,ENTREZ_699,BUB1,5,False
xgboost_automatic,ENTREZ_701,BUB1B,4,False
xgboost_automatic,ENTREZ_54838,C10orf26,2,False
xgboost_automatic,ENTREZ_119032,C10orf32,5,False
xgboost_automatic,ENTREZ_254439,C11orf86,4,False
xgboost_automatic,ENTREZ_254013,C12orf72,3,False
xgboost_automatic,ENTREZ_161394,C14orf174,5,False
xgboost_automatic,ENTREZ_80127,C14orf45,5,False
xgboost_automatic,ENTREZ_90417,C15orf23,5,False
xgboost_automatic,ENTREZ_90381,C15orf42,5,False
xgboost_automatic,ENTREZ_79650,C16orf57,2,False
xgboost_automatic,ENTREZ_56942,C16orf61,5,False
xgboost_automatic,ENTREZ_283987,C17orf28,5,False
xgboost_automatic,ENTREZ_352909,C19orf51,4,False
xgboost_automatic,ENTREZ_79000,C1orf135,5,False
xgboost_automatic,ENTREZ_149563,C1orf64,5,False
xgboost_automatic,ENTREZ_165257,C1QL2,2,False
xgboost_automatic,ENTREZ_338761,C1QL4,5,False
xgboost_automatic,ENTREZ_343990,C2orf55,2,False
xgboost_automatic,ENTREZ_132720,C4orf32,5,False
xgboost_automatic,ENTREZ_201895,C4orf34,5,False
xgboost_automatic,ENTREZ_90355,C5orf30,3,False
xgboost_automatic,ENTREZ_285600,C5orf36,5,False
xgboost_automatic,ENTREZ_79624,C6orf211,5,False
xgboost_automatic,ENTREZ_221718,C6orf218,5,False
xgboost_automatic,ENTREZ_80129,C6orf97,5,False
xgboost_automatic,ENTREZ_79846,C7orf63,5,False
xgboost_automatic,ENTREZ_138162,C9orf116,5,False
xgboost_automatic,ENTREZ_401546,C9orf152,5,False
xgboost_automatic,ENTREZ_401535,C9orf170,5,False
xgboost_automatic,ENTREZ_91283,C9orf30,4,False
xgboost_automatic,ENTREZ_55071,C9orf40,3,False
xgboost_automatic,ENTREZ_158067,C9orf98,5,False
xgboost_automatic,ENTREZ_771,CA12,5,False
xgboost_automatic,ENTREZ_776,CACNA1D,4,False
xgboost_automatic,ENTREZ_9254,CACNA2D2,5,False
xgboost_automatic,ENTREZ_79012,CAMKV,5,False
xgboost_automatic,ENTREZ_92291,CAPN13,5,False
xgboost_automatic,ENTREZ_388743,CAPN8,5,False
xgboost_automatic,ENTREZ_55259,CASC1,5,False
xgboost_automatic,ENTREZ_84733,CBX2,3,False
xgboost_automatic,ENTREZ_388389,CCDC103,4,False
xgboost_automatic,ENTREZ_202243,CCDC125,5,False
xgboost_automatic,ENTREZ_79825,CCDC48,4,False
xgboost_automatic,ENTREZ_257236,CCDC96,5,False
xgboost_automatic,ENTREZ_887,CCKBR,5,False
xgboost_automatic,ENTREZ_890,CCNA2,5,False
xgboost_automatic,ENTREZ_9133,CCNB2,5,False
xgboost_automatic,ENTREZ_898,CCNE1,5,True
xgboost_automatic,ENTREZ_8872,CDC123,5,False
xgboost_automatic,ENTREZ_991,CDC20,5,True
xgboost_automatic,ENTREZ_993,CDC25A,5,False
xgboost_automatic,ENTREZ_8318,CDC45,5,False
xgboost_automatic,ENTREZ_157313,CDCA2,5,False
xgboost_automatic,ENTREZ_83461,CDCA3,5,False
xgboost_automatic,ENTREZ_113130,CDCA5,5,False
xgboost_automatic,ENTREZ_83879,CDCA7,5,False
xgboost_automatic,ENTREZ_55143,CDCA8,5,False
xgboost_automatic,ENTREZ_983,CDK1,5,False
xgboost_automatic,ENTREZ_8099,CDK2AP1,5,False
xgboost_automatic,ENTREZ_1033,CDKN3,4,False
xgboost_automatic,ENTREZ_9620,CELSR1,5,False
xgboost_automatic,ENTREZ_1058,CENPA,5,False
xgboost_automatic,ENTREZ_1062,CENPE,4,False
xgboost_automatic,ENTREZ_55839,CENPN,5,False
xgboost_automatic,ENTREZ_79172,CENPO,5,False
xgboost_automatic,ENTREZ_387103,CENPW,5,False
xgboost_automatic,ENTREZ_55165,CEP55,5,True
xgboost_automatic,ENTREZ_1101,CHAD,5,False
xgboost_automatic,ENTREZ_1111,CHEK1,5,False
xgboost_automatic,ENTREZ_140578,CHODL,5,False
xgboost_automatic,ENTREZ_9435,CHST2,4,False
xgboost_automatic,ENTREZ_1153,CIRBP,5,False
xgboost_automatic,ENTREZ_1163,CKS1B,5,False
xgboost_automatic,ENTREZ_1183,CLCN4,5,False
xgboost_automatic,ENTREZ_64084,CLSTN2,5,False
xgboost_automatic,ENTREZ_134147,CMBL,5,False
xgboost_automatic,ENTREZ_132864,CPEB2,5,False
xgboost_automatic,ENTREZ_148327,CREB3L4,5,False
xgboost_automatic,ENTREZ_1408,CRY2,5,False
xgboost_automatic,ENTREZ_1410,CRYAB,5,False
xgboost_automatic,ENTREZ_196993,CT62,5,False
xgboost_automatic,ENTREZ_1503,CTPS,5,False
xgboost_automatic,ENTREZ_1515,CTSL2,2,False
xgboost_automatic,ENTREZ_6374,CXCL5,5,False
xgboost_automatic,ENTREZ_100132994,CXorf49B,5,False
xgboost_automatic,ENTREZ_203413,CXorf61,5,False
xgboost_automatic,ENTREZ_51523,CXXC5,5,True
xgboost_automatic,ENTREZ_1556,CYP2B7P1,5,False
xgboost_automatic,ENTREZ_163720,CYP4Z2P,5,False
xgboost_automatic,ENTREZ_1602,DACH1,5,False
xgboost_automatic,ENTREZ_10926,DBF4,5,False
xgboost_automatic,ENTREZ_23109,DDN,5,False
xgboost_automatic,ENTREZ_123099,DEGS2,5,False
xgboost_automatic,ENTREZ_7913,DEK,4,False
xgboost_automatic,ENTREZ_55635,DEPDC1,5,False
xgboost_automatic,ENTREZ_55789,DEPDC1B,4,False
xgboost_automatic,ENTREZ_1736,DKC1,5,False
xgboost_automatic,ENTREZ_9787,DLGAP5,5,False
xgboost_automatic,ENTREZ_1750,DLX6,5,False
xgboost_automatic,ENTREZ_1761,DMRT1,4,False
xgboost_automatic,ENTREZ_1767,DNAH5,4,False
xgboost_automatic,ENTREZ_56171,DNAH7,5,False
xgboost_automatic,ENTREZ_56521,DNAJC12,5,False
xgboost_automatic,ENTREZ_83544,DNAL1,5,False
xgboost_automatic,ENTREZ_7802,DNALI1,5,False
xgboost_automatic,ENTREZ_29980,DONSON,5,False
xgboost_automatic,ENTREZ_79075,DSCC1,5,False
xgboost_automatic,ENTREZ_83657,DYNLRB2,5,False
xgboost_automatic,ENTREZ_1870,E2F2,5,False
xgboost_automatic,ENTREZ_1871,E2F3,4,False
xgboost_automatic,ENTREZ_9718,ECE2,5,False
xgboost_automatic,ENTREZ_64800,EFCAB6,5,False
xgboost_automatic,ENTREZ_2019,EN1,5,False
xgboost_automatic,ENTREZ_2023,ENO1,5,False
xgboost_automatic,ENTREZ_5167,ENPP1,4,False
xgboost_automatic,ENTREZ_2066,ERBB4,5,False
xgboost_automatic,ENTREZ_57222,ERGIC1,5,False
xgboost_automatic,ENTREZ_2099,ESR1,5,True
xgboost_automatic,ENTREZ_83850,ESYT3,5,False
xgboost_automatic,ENTREZ_51466,EVL,3,False
xgboost_automatic,ENTREZ_9156,EXO1,5,True
xgboost_automatic,ENTREZ_54536,EXOC6,5,False
xgboost_automatic,ENTREZ_2146,EZH2,5,False
xgboost_automatic,ENTREZ_2155,F7,5,False
xgboost_automatic,ENTREZ_139285,FAM123B,5,False
xgboost_automatic,ENTREZ_84908,FAM136A,5,False
xgboost_automatic,ENTREZ_221061,FAM171A1,5,False
xgboost_automatic,ENTREZ_345757,FAM174A,5,False
xgboost_automatic,ENTREZ_400451,FAM174B,5,False
xgboost_automatic,ENTREZ_51313,FAM198B,5,False
xgboost_automatic,ENTREZ_284467,FAM19A3,5,False
xgboost_automatic,ENTREZ_100129583,FAM47E,5,False
xgboost_automatic,ENTREZ_113115,FAM54A,5,False
xgboost_automatic,ENTREZ_55793,FAM63A,5,False
xgboost_automatic,ENTREZ_54478,FAM64A,5,False
xgboost_automatic,ENTREZ_653820,FAM72B,5,False
xgboost_automatic,ENTREZ_81610,FAM83D,5,False
xgboost_automatic,ENTREZ_2175,FANCA,5,False
xgboost_automatic,ENTREZ_2178,FANCE,3,False
xgboost_automatic,ENTREZ_2203,FBP1,5,False
xgboost_automatic,ENTREZ_26234,FBXL5,5,False
xgboost_automatic,ENTREZ_130888,FBXO36,4,False
xgboost_automatic,ENTREZ_55612,FERMT1,5,False
xgboost_automatic,ENTREZ_89846,FGD3,4,False
xgboost_automatic,ENTREZ_9982,FGFBP1,4,False
xgboost_automatic,ENTREZ_399717,GATA3-AS1,5,False
xgboost_automatic,ENTREZ_3169,FOXA1,5,True
xgboost_automatic,ENTREZ_2296,FOXC1,5,True
xgboost_automatic,ENTREZ_2305,FOXM1,5,False
xgboost_automatic,ENTREZ_6624,FSCN1,5,False
xgboost_automatic,ENTREZ_161835,FSIP1,5,False
xgboost_automatic,ENTREZ_8326,FZD9,5,False
xgboost_automatic,ENTREZ_9568,GABBR2,5,False
xgboost_automatic,ENTREZ_2568,GABRP,5,False
xgboost_automatic,ENTREZ_51083,GAL,3,False
xgboost_automatic,ENTREZ_2593,GAMT,5,False
xgboost_automatic,ENTREZ_2625,GATA3,5,False
xgboost_automatic,ENTREZ_8200,GDF5,5,False
xgboost_automatic,ENTREZ_2674,GFRA1,5,False
xgboost_automatic,ENTREZ_2676,GFRA3,5,False
xgboost_automatic,ENTREZ_54826,GIN1,5,False
xgboost_automatic,ENTREZ_9837,GINS1,5,False
xgboost_automatic,ENTREZ_2707,GJB3,5,False
xgboost_automatic,ENTREZ_8833,GMPS,5,False
xgboost_automatic,ENTREZ_2813,GP2,5,False
xgboost_automatic,ENTREZ_11321,GPN1,3,False
xgboost_automatic,ENTREZ_26996,GPR160,5,True
xgboost_automatic,ENTREZ_27202,GPR77,5,False
xgboost_automatic,ENTREZ_27198,GPR81,4,False
xgboost_automatic,ENTREZ_29899,GPSM2,3,False
xgboost_automatic,ENTREZ_9687,GREB1,5,False
xgboost_automatic,ENTREZ_2925,GRPR,5,False
xgboost_automatic,ENTREZ_83903,GSG2,5,False
xgboost_automatic,ENTREZ_23560,GTPBP4,5,False
xgboost_automatic,ENTREZ_51512,GTSE1,5,False
xgboost_automatic,ENTREZ_145864,HAPLN3,5,False
xgboost_automatic,ENTREZ_55733,HHAT,5,False
xgboost_automatic,ENTREZ_55355,HJURP,5,False
xgboost_automatic,ENTREZ_3159,HMGA1,5,False
xgboost_automatic,ENTREZ_84072,HORMAD1,5,False
xgboost_automatic,ENTREZ_646962,HRCT1,3,False
xgboost_automatic,ENTREZ_8739,HRK,2,False
xgboost_automatic,ENTREZ_3475,IFRD1,5,False
xgboost_automatic,ENTREZ_10644,IGF2BP2,4,False
xgboost_automatic,ENTREZ_10643,IGF2BP3,5,False
xgboost_automatic,ENTREZ_3483,IGFALS,4,False
xgboost_automatic,ENTREZ_3595,IL12RB2,5,False
xgboost_automatic,ENTREZ_27160,INGX,5,False
xgboost_automatic,ENTREZ_8821,INPP4B,5,False
xgboost_automatic,ENTREZ_27124,INPP5J,5,False
xgboost_automatic,ENTREZ_3712,IVD,5,False
xgboost_automatic,ENTREZ_56888,KCMF1,5,False
xgboost_automatic,ENTREZ_3755,KCNG1,5,False
xgboost_automatic,ENTREZ_3767,KCNJ11,5,False
xgboost_automatic,ENTREZ_60598,KCNK15,5,False
xgboost_automatic,ENTREZ_8645,KCNK5,5,False
xgboost_automatic,ENTREZ_9132,KCNQ4,5,False
xgboost_automatic,ENTREZ_3787,KCNS1,4,False
xgboost_automatic,ENTREZ_23030,KDM4B,5,False
xgboost_automatic,ENTREZ_9933,KIAA0020,5,False
xgboost_automatic,ENTREZ_9674,KIAA0040,2,False
xgboost_automatic,ENTREZ_9778,KIAA0232,5,False
xgboost_automatic,ENTREZ_57535,KIAA1324,5,False
xgboost_automatic,ENTREZ_56204,KIAA1370,5,False
xgboost_automatic,ENTREZ_9928,KIF14,3,False
xgboost_automatic,ENTREZ_81930,KIF18A,5,False
xgboost_automatic,ENTREZ_146909,KIF18B,5,False
xgboost_automatic,ENTREZ_10112,KIF20A,4,False
xgboost_automatic,ENTREZ_9493,KIF23,4,False
xgboost_automatic,ENTREZ_11004,KIF2C,5,True
xgboost_automatic,ENTREZ_24137,KIF4A,5,False
xgboost_automatic,ENTREZ_3833,KIFC1,5,False
xgboost_automatic,ENTREZ_122773,KLHDC1,2,False
xgboost_automatic,ENTREZ_5653,KLK6,3,False
xgboost_automatic,ENTREZ_3838,KPNA2,3,False
xgboost_automatic,ENTREZ_3868,KRT16,5,False
xgboost_automatic,ENTREZ_3857,KRT9,5,False
xgboost_automatic,ENTREZ_91133,L3MBTL4,5,False
xgboost_automatic,ENTREZ_9836,LCMT2,4,False
xgboost_automatic,ENTREZ_3945,LDHB,5,False
xgboost_automatic,ENTREZ_93273,LEMD1,5,False
xgboost_automatic,ENTREZ_51474,LIMA1,5,False
xgboost_automatic,ENTREZ_4010,LMX1B,5,False
xgboost_automatic,ENTREZ_100130148,MAPT-IT1,5,False
xgboost_automatic,ENTREZ_145837,DRAIC,5,False
xgboost_automatic,ENTREZ_284578,MFSD4A-AS1,5,False
xgboost_automatic,ENTREZ_84740,AFAP1-AS1,3,False
xgboost_automatic,ENTREZ_84856,LINC00839,5,False
xgboost_automatic,ENTREZ_164832,LONRF2,5,False
xgboost_automatic,ENTREZ_23175,LPIN1,5,False
xgboost_automatic,ENTREZ_26018,LRIG1,3,False
xgboost_automatic,ENTREZ_7804,LRP8,5,False
xgboost_automatic,ENTREZ_90506,LRRC46,5,False
xgboost_automatic,ENTREZ_83450,LRRC48,5,False
xgboost_automatic,ENTREZ_123872,LRRC50,3,False
xgboost_automatic,ENTREZ_220074,LRTOMT,5,False
xgboost_automatic,ENTREZ_4085,MAD2L1,5,False
xgboost_automatic,ENTREZ_4115,MAGEB4,5,False
xgboost_automatic,ENTREZ_10916,MAGED2,5,False
xgboost_automatic,ENTREZ_23324,MAN2B2,2,False
xgboost_automatic,ENTREZ_7786,MAP3K12,5,False
xgboost_automatic,ENTREZ_5596,MAPK4,4,False
xgboost_automatic,ENTREZ_4137,MAPT,5,True
xgboost_automatic,ENTREZ_8785,MATN4,3,False
xgboost_automatic,ENTREZ_64087,MCCC2,5,False
xgboost_automatic,ENTREZ_55388,MCM10,5,False
xgboost_automatic,ENTREZ_4175,MCM6,5,False
xgboost_automatic,ENTREZ_4176,MCM7,4,False
xgboost_automatic,ENTREZ_9833,MELK,5,True
xgboost_automatic,ENTREZ_51072,MEMO1,5,False
xgboost_automatic,ENTREZ_4241,MFI2,5,False
xgboost_automatic,ENTREZ_8190,MIA,5,True
xgboost_automatic,ENTREZ_85377,MICALL1,5,False
xgboost_automatic,ENTREZ_57496,MKL2,4,False
xgboost_automatic,ENTREZ_79083,MLPH,5,True
xgboost_automatic,ENTREZ_51678,MPP6,3,False
xgboost_automatic,ENTREZ_25902,MTHFD1L,5,False
xgboost_automatic,ENTREZ_4602,MYB,5,False
xgboost_automatic,ENTREZ_4605,MYBL2,5,True
xgboost_automatic,ENTREZ_55930,MYO5C,4,False
xgboost_automatic,ENTREZ_25924,MYRIP,3,False
xgboost_automatic,ENTREZ_9,NAT1,5,True
xgboost_automatic,ENTREZ_9918,NCAPD2,5,False
xgboost_automatic,ENTREZ_64151,NCAPG,5,False
xgboost_automatic,ENTREZ_23397,NCAPH,5,False
xgboost_automatic,ENTREZ_8440,NCK2,5,False
xgboost_automatic,ENTREZ_100188953,NCRNA00092,5,False
xgboost_automatic,ENTREZ_378825,NCRNA00162,3,False
xgboost_automatic,ENTREZ_10403,NDC80,5,True
xgboost_automatic,ENTREZ_152110,NEK10,5,False
xgboost_automatic,ENTREZ_91754,NEK9,2,False
xgboost_automatic,ENTREZ_115677,NOSTRIN,5,False
xgboost_automatic,ENTREZ_7101,NR2E1,5,False
xgboost_automatic,ENTREZ_83594,NUDT12,5,False
xgboost_automatic,ENTREZ_11164,NUDT5,4,False
xgboost_automatic,ENTREZ_83540,NUF2,5,True
xgboost_automatic,ENTREZ_9688,NUP93,5,False
xgboost_automatic,ENTREZ_158046,NXNL2,5,False
xgboost_automatic,ENTREZ_4948,OCA2,5,False
xgboost_automatic,ENTREZ_11339,OIP5,4,False
xgboost_automatic,ENTREZ_55301,OLAH,5,False
xgboost_automatic,ENTREZ_4986,OPRK1,5,False
xgboost_automatic,ENTREZ_4998,ORC1L,5,False
xgboost_automatic,ENTREZ_23594,ORC6L,5,True
xgboost_automatic,ENTREZ_54681,P4HTM,5,False
xgboost_automatic,ENTREZ_55003,PAK1IP1,5,False
xgboost_automatic,ENTREZ_9061,PAPSS1,5,False
xgboost_automatic,ENTREZ_84105,PCBD2,3,False
xgboost_automatic,ENTREZ_126006,PCP2,5,False
xgboost_automatic,ENTREZ_54760,PCSK4,5,False
xgboost_automatic,ENTREZ_9141,PDCD5,3,False
xgboost_automatic,ENTREZ_10130,PDIA6,5,False
xgboost_automatic,ENTREZ_23590,PDSS1,5,False
xgboost_automatic,ENTREZ_54858,PGPEP1,4,False
xgboost_automatic,ENTREZ_5241,PGR,5,True
xgboost_automatic,ENTREZ_26227,PHGDH,2,True
xgboost_automatic,ENTREZ_80119,PIF1,2,False
xgboost_automatic,ENTREZ_5347,PLK1,5,False
xgboost_automatic,ENTREZ_5351,PLOD1,5,False
xgboost_automatic,ENTREZ_135293,PM20D2,5,False
xgboost_automatic,ENTREZ_10721,POLQ,5,False
xgboost_automatic,ENTREZ_10940,POP1,3,False
xgboost_automatic,ENTREZ_5457,POU4F1,5,False
xgboost_automatic,ENTREZ_5460,POU5F1,5,False
xgboost_automatic,ENTREZ_81706,PPP1R14C,5,False
xgboost_automatic,ENTREZ_59336,PRDM13,4,False
xgboost_automatic,ENTREZ_57580,PREX1,5,False
xgboost_automatic,ENTREZ_5613,PRKX,5,False
xgboost_automatic,ENTREZ_222171,PRR15,5,False
xgboost_automatic,ENTREZ_285368,PRRT3,5,False
xgboost_automatic,ENTREZ_260429,PRSS33,5,False
xgboost_automatic,ENTREZ_29968,PSAT1,5,False
xgboost_automatic,ENTREZ_5690,PSMB2,4,False
xgboost_automatic,ENTREZ_11122,PTPRT,5,False
xgboost_automatic,ENTREZ_9232,PTTG1,5,True
xgboost_automatic,ENTREZ_5806,PTX3,5,False
xgboost_automatic,ENTREZ_64284,RAB17,5,False
xgboost_automatic,ENTREZ_9135,RABEP1,5,False
xgboost_automatic,ENTREZ_5888,RAD51,5,False
xgboost_automatic,ENTREZ_10635,RAD51AP1,5,False
xgboost_automatic,ENTREZ_8438,RAD54L,5,False
xgboost_automatic,ENTREZ_154064,RAET1L,4,False
xgboost_automatic,ENTREZ_10742,RAI2,4,False
xgboost_automatic,ENTREZ_55103,RALGPS2,5,False
xgboost_automatic,ENTREZ_5902,RANBP1,5,False
xgboost_automatic,ENTREZ_5914,RARA,5,False
xgboost_automatic,ENTREZ_255426,RASGEF1C,5,False
xgboost_automatic,ENTREZ_84991,RBM17,5,False
xgboost_automatic,ENTREZ_54502,RBM47,5,False
xgboost_automatic,ENTREZ_65055,REEP1,3,False
xgboost_automatic,ENTREZ_7905,REEP5,4,False
xgboost_automatic,ENTREZ_92840,REEP6,5,False
xgboost_automatic,ENTREZ_85004,RERG,5,False
xgboost_automatic,ENTREZ_5984,RFC4,5,False
xgboost_automatic,ENTREZ_56963,RGMA,5,False
xgboost_automatic,ENTREZ_5995,RGR,5,False
xgboost_automatic,ENTREZ_26166,RGS22,5,False
xgboost_automatic,ENTREZ_51458,RHCG,5,False
xgboost_automatic,ENTREZ_388,RHOB,5,False
xgboost_automatic,ENTREZ_83732,RIOK1,5,False
xgboost_automatic,ENTREZ_8767,RIPK2,4,False
xgboost_automatic,ENTREZ_6017,RLBP1,3,False
xgboost_automatic,ENTREZ_246243,RNASEH1,4,False
xgboost_automatic,ENTREZ_27289,RND1,5,False
xgboost_automatic,ENTREZ_7844,RNF103,5,False
xgboost_automatic,ENTREZ_9025,RNF8,2,False
xgboost_automatic,ENTREZ_54763,ROPN1,5,False
xgboost_automatic,ENTREZ_152015,ROPN1B,5,False
xgboost_automatic,ENTREZ_22934,RPIA,5,False
xgboost_automatic,ENTREZ_6241,RRM2,4,True
xgboost_automatic,ENTREZ_146923,RUNDC1,5,False
xgboost_automatic,ENTREZ_374897,SBSN,4,False
xgboost_automatic,ENTREZ_29970,SCHIP1,4,False
xgboost_automatic,ENTREZ_6337,SCNN1A,5,False
xgboost_automatic,ENTREZ_11341,SCRG1,3,False
xgboost_automatic,ENTREZ_57758,SCUBE2,5,False
xgboost_automatic,ENTREZ_51091,SEPSECS,5,False
xgboost_automatic,ENTREZ_26135,SERBP1,4,False
xgboost_automatic,ENTREZ_256394,SERPINA11,5,False
xgboost_automatic,ENTREZ_6422,SFRP1,5,True
xgboost_automatic,ENTREZ_135295,SFRS13B,5,False
xgboost_automatic,ENTREZ_375035,SFT2D2,5,False
xgboost_automatic,ENTREZ_151648,SGOL1,5,False
xgboost_automatic,ENTREZ_79801,SHCBP1,5,False
xgboost_automatic,ENTREZ_54847,SIDT1,5,False
xgboost_automatic,ENTREZ_220134,SKA1,5,False
xgboost_automatic,ENTREZ_221150,SKA3,5,False
xgboost_automatic,ENTREZ_6500,SKP1,5,False
xgboost_automatic,ENTREZ_6564,SLC15A1,5,False
xgboost_automatic,ENTREZ_9120,SLC16A6,5,False
xgboost_automatic,ENTREZ_6584,SLC22A5,5,False
xgboost_automatic,ENTREZ_115019,SLC26A9,5,False
xgboost_automatic,ENTREZ_25800,SLC39A6,5,True
xgboost_automatic,ENTREZ_80736,SLC44A4,5,False
xgboost_automatic,ENTREZ_9498,SLC4A8,5,False
xgboost_automatic,ENTREZ_6530,SLC6A2,5,False
xgboost_automatic,ENTREZ_8140,SLC7A5,4,False
xgboost_automatic,ENTREZ_23428,SLC7A8,5,False
xgboost_automatic,ENTREZ_6664,SOX11,5,False
xgboost_automatic,ENTREZ_25803,SPDEF,5,False
xgboost_automatic,ENTREZ_25876,SPEF1,5,False
xgboost_automatic,ENTREZ_79925,SPEF2,5,False
xgboost_automatic,ENTREZ_6732,SRPK1,5,False
xgboost_automatic,ENTREZ_6769,STAC,5,False
xgboost_automatic,ENTREZ_6491,STIL,5,False
xgboost_automatic,ENTREZ_55351,STK32B,4,False
xgboost_automatic,ENTREZ_11329,STK38,2,False
xgboost_automatic,ENTREZ_3925,STMN1,4,False
xgboost_automatic,ENTREZ_6821,SUOX,5,False
xgboost_automatic,ENTREZ_203328,SUSD3,5,False
xgboost_automatic,ENTREZ_79723,SUV39H2,5,False
xgboost_automatic,ENTREZ_55638,SYBU,5,False
xgboost_automatic,ENTREZ_143425,SYT9,5,False
xgboost_automatic,ENTREZ_54843,SYTL2,5,False
xgboost_automatic,ENTREZ_94121,SYTL4,5,False
xgboost_automatic,ENTREZ_94122,SYTL5,5,False
xgboost_automatic,ENTREZ_93624,TADA2B,4,False
xgboost_automatic,ENTREZ_23158,TBC1D9,5,False
xgboost_automatic,ENTREZ_9095,TBX19,5,False
xgboost_automatic,ENTREZ_9338,TCEAL1,5,False
xgboost_automatic,ENTREZ_6941,TCF19,5,False
xgboost_automatic,ENTREZ_83439,TCF7L1,2,False
xgboost_automatic,ENTREZ_23371,TENC1,5,False
xgboost_automatic,ENTREZ_54881,TEX10,5,False
xgboost_automatic,ENTREZ_7031,TFF1,5,False
xgboost_automatic,ENTREZ_7033,TFF3,5,False
xgboost_automatic,ENTREZ_79875,THSD4,5,False
xgboost_automatic,ENTREZ_166815,TIGD2,4,False
xgboost_automatic,ENTREZ_7090,TLE3,5,False
xgboost_automatic,ENTREZ_51643,TMBIM4,5,False
xgboost_automatic,ENTREZ_7009,TMBIM6,5,False
xgboost_automatic,ENTREZ_79838,TMC5,4,False
xgboost_automatic,ENTREZ_9911,TMCC2,5,False
xgboost_automatic,ENTREZ_55314,TMEM144,4,False
xgboost_automatic,ENTREZ_84866,TMEM25,5,False
xgboost_automatic,ENTREZ_120224,TMEM45B,3,True
xgboost_automatic,ENTREZ_57156,TMEM63C,5,False
xgboost_automatic,ENTREZ_27324,TOX3,2,False
xgboost_automatic,ENTREZ_285386,TPRG1,5,False
xgboost_automatic,ENTREZ_22974,TPX2,5,False
xgboost_automatic,ENTREZ_10612,TRIM3,5,False
xgboost_automatic,ENTREZ_9319,TRIP13,5,False
xgboost_automatic,ENTREZ_10024,TROAP,2,False
xgboost_automatic,ENTREZ_10103,TSPAN1,5,False
xgboost_automatic,ENTREZ_27075,TSPAN13,5,False
xgboost_automatic,ENTREZ_143941,TTC36,5,False
xgboost_automatic,ENTREZ_22996,TTC39A,5,False
xgboost_automatic,ENTREZ_123016,TTC8,5,False
xgboost_automatic,ENTREZ_7272,TTK,5,False
xgboost_automatic,ENTREZ_9654,TTLL4,5,False
xgboost_automatic,ENTREZ_57348,TTYH1,4,False
xgboost_automatic,ENTREZ_84790,TUBA1C,5,False
xgboost_automatic,ENTREZ_203068,TUBB,5,False
xgboost_automatic,ENTREZ_11065,UBE2C,5,True
xgboost_automatic,ENTREZ_29089,UBE2T,5,True
xgboost_automatic,ENTREZ_127733,UBXN10,5,False
xgboost_automatic,ENTREZ_165324,UBXN2A,5,False
xgboost_automatic,ENTREZ_7371,UCK2,5,False
xgboost_automatic,ENTREZ_7368,UGT8,5,False
xgboost_automatic,ENTREZ_7388,UQCRH,3,False
xgboost_automatic,ENTREZ_10451,VAV3,5,False
xgboost_automatic,ENTREZ_51442,VGLL1,5,False
xgboost_automatic,ENTREZ_57728,WDR19,5,False
xgboost_automatic,ENTREZ_7466,WFS1,5,False
xgboost_automatic,ENTREZ_7475,WNT6,5,False
xgboost_automatic,ENTREZ_11059,WWP1,5,False
xgboost_automatic,ENTREZ_7494,XBP1,5,False
xgboost_automatic,ENTREZ_57510,XPO5,5,False
xgboost_automatic,ENTREZ_4904,YBX1,5,False
xgboost_automatic,ENTREZ_55689,YEATS2,5,False
xgboost_automatic,ENTREZ_100128927,ZBTB42,4,False
xgboost_automatic,ENTREZ_124220,ZG16B,5,False
xgboost_automatic,ENTREZ_51364,ZMYND10,5,False
xgboost_automatic,ENTREZ_79818,ZNF552,5,False
xgboost_automatic,ENTREZ_57116,ZNF695,5,False
xgboost_automatic,ENTREZ_80139,ZNF703,5,False
