model,panel_size,fold,feature_id,gene_symbol
logistic,50,1,ENTREZ_57180,ACTR3B
logistic,50,1,ENTREZ_54443,ANLN
logistic,50,1,ENTREZ_573,BAG1
logistic,50,1,ENTREZ_596,BCL2
logistic,50,1,ENTREZ_332,BIRC5
logistic,50,1,ENTREZ_644,BLVRA
logistic,50,1,ENTREZ_891,CCNB1
logistic,50,1,ENTREZ_898,CCNE1
logistic,50,1,ENTREZ_991,CDC20
logistic,50,1,ENTREZ_990,CDC6
logistic,50,1,ENTREZ_83540,NUF2
logistic,50,1,ENTREZ_1001,CDH3
logistic,50,1,ENTREZ_1063,CENPF
logistic,50,1,ENTREZ_55165,CEP55
logistic,50,1,ENTREZ_51523,CXXC5
logistic,50,1,ENTREZ_1956,EGFR
logistic,50,1,ENTREZ_2064,ERBB2
logistic,50,1,ENTREZ_2099,ESR1
logistic,50,1,ENTREZ_9156,EXO1
logistic,50,1,ENTREZ_2264,FGFR4
logistic,50,1,ENTREZ_3169,FOXA1
logistic,50,1,ENTREZ_2296,FOXC1
logistic,50,1,ENTREZ_26996,GPR160
logistic,50,1,ENTREZ_2886,GRB7
logistic,50,1,ENTREZ_11004,KIF2C
logistic,50,1,ENTREZ_10403,NDC80
logistic,50,1,ENTREZ_3861,KRT14
logistic,50,1,ENTREZ_3872,KRT17
logistic,50,1,ENTREZ_3852,KRT5
logistic,50,1,ENTREZ_4137,MAPT
logistic,50,1,ENTREZ_4193,MDM2
logistic,50,1,ENTREZ_9833,MELK
logistic,50,1,ENTREZ_8190,MIA
logistic,50,1,ENTREZ_4288,MKI67
logistic,50,1,ENTREZ_79083,MLPH
logistic,50,1,ENTREZ_4320,MMP11
logistic,50,1,ENTREZ_4605,MYBL2
logistic,50,1,ENTREZ_4609,MYC
logistic,50,1,ENTREZ_9,NAT1
logistic,50,1,ENTREZ_23594,ORC6L
logistic,50,1,ENTREZ_5241,PGR
logistic,50,1,ENTREZ_26227,PHGDH
logistic,50,1,ENTREZ_9232,PTTG1
logistic,50,1,ENTREZ_6241,RRM2
logistic,50,1,ENTREZ_6422,SFRP1
logistic,50,1,ENTREZ_25800,SLC39A6
logistic,50,1,ENTREZ_120224,TMEM45B
logistic,50,1,ENTREZ_7298,TYMS
logistic,50,1,ENTREZ_11065,UBE2C
logistic,50,1,ENTREZ_29089,UBE2T
logistic,50,2,ENTREZ_57180,ACTR3B
logistic,50,2,ENTREZ_54443,ANLN
logistic,50,2,ENTREZ_573,BAG1
logistic,50,2,ENTREZ_596,BCL2
logistic,50,2,ENTREZ_332,BIRC5
logistic,50,2,ENTREZ_644,BLVRA
logistic,50,2,ENTREZ_891,CCNB1
logistic,50,2,ENTREZ_898,CCNE1
logistic,50,2,ENTREZ_991,CDC20
logistic,50,2,ENTREZ_990,CDC6
logistic,50,2,ENTREZ_83540,NUF2
logistic,50,2,ENTREZ_1001,CDH3
logistic,50,2,ENTREZ_1063,CENPF
logistic,50,2,ENTREZ_55165,CEP55
logistic,50,2,ENTREZ_51523,CXXC5
logistic,50,2,ENTREZ_1956,EGFR
logistic,50,2,ENTREZ_2064,ERBB2
logistic,50,2,ENTREZ_2099,ESR1
logistic,50,2,ENTREZ_9156,EXO1
logistic,50,2,ENTREZ_2264,FGFR4
logistic,50,2,ENTREZ_3169,FOXA1
logistic,50,2,ENTREZ_2296,FOXC1
logistic,50,2,ENTREZ_26996,GPR160
logistic,50,2,ENTREZ_2886,GRB7
logistic,50,2,ENTREZ_11004,KIF2C
logistic,50,2,ENTREZ_10403,NDC80
logistic,50,2,ENTREZ_3861,KRT14
logistic,50,2,ENTREZ_3872,KRT17
logistic,50,2,ENTREZ_3852,KRT5
logistic,50,2,ENTREZ_4137,MAPT
logistic,50,2,ENTREZ_4193,MDM2
logistic,50,2,ENTREZ_9833,MELK
logistic,50,2,ENTREZ_8190,MIA
logistic,50,2,ENTREZ_4288,MKI67
logistic,50,2,ENTREZ_79083,MLPH
logistic,50,2,ENTREZ_4320,MMP11
logistic,50,2,ENTREZ_4605,MYBL2
logistic,50,2,ENTREZ_4609,MYC
logistic,50,2,ENTREZ_9,NAT1
logistic,50,2,ENTREZ_23594,ORC6L
logistic,50,2,ENTREZ_5241,PGR
logistic,50,2,ENTREZ_26227,PHGDH
logistic,50,2,ENTREZ_9232,PTTG1
logistic,50,2,ENTREZ_6241,RRM2
logistic,50,2,ENTREZ_6422,SFRP1
logistic,50,2,ENTREZ_25800,SLC39A6
logistic,50,2,ENTREZ_120224,TMEM45B
logistic,50,2,ENTREZ_7298,TYMS
logistic,50,2,ENTREZ_11065,UBE2C
logistic,50,2,ENTREZ_29089,UBE2T
logistic,50,3,ENTREZ_57180,ACTR3B
logistic,50,3,ENTREZ_54443,ANLN
logistic,50,3,ENTREZ_573,BAG1
logistic,50,3,ENTREZ_596,BCL2
logistic,50,3,ENTREZ_332,BIRC5
logistic,50,3,ENTREZ_644,BLVRA
logistic,50,3,ENTREZ_891,CCNB1
logistic,50,3,ENTREZ_898,CCNE1
logistic,50,3,ENTREZ_991,CDC20
logistic,50,3,ENTREZ_990,CDC6
logistic,50,3,ENTREZ_83540,NUF2
logistic,50,3,ENTREZ_1001,CDH3
logistic,50,3,ENTREZ_1063,CENPF
logistic,50,3,ENTREZ_55165,CEP55
logistic,50,3,ENTREZ_51523,CXXC5
logistic,50,3,ENTREZ_1956,EGFR
logistic,50,3,ENTREZ_2064,ERBB2
logistic,50,3,ENTREZ_2099,ESR1
logistic,50,3,ENTREZ_9156,EXO1
logistic,50,3,ENTREZ_2264,FGFR4
logistic,50,3,ENTREZ_3169,FOXA1
logistic,50,3,ENTREZ_2296,FOXC1
logistic,50,3,ENTREZ_26996,GPR160
logistic,50,3,ENTREZ_2886,GRB7
logistic,50,3,ENTREZ_11004,KIF2C
logistic,50,3,ENTREZ_10403,NDC80
logistic,50,3,ENTREZ_3861,KRT14
logistic,50,3,ENTREZ_3872,KRT17
logistic,50,3,ENTREZ_3852,KRT5
logistic,50,3,ENTREZ_4137,MAPT
logistic,50,3,ENTREZ_4193,MDM2
logistic,50,3,ENTREZ_9833,MELK
logistic,50,3,ENTREZ_8190,MIA
logistic,50,3,ENTREZ_4288,MKI67
logistic,50,3,ENTREZ_79083,MLPH
logistic,50,3,ENTREZ_4320,MMP11
logistic,50,3,ENTREZ_4605,MYBL2
logistic,50,3,ENTREZ_4609,MYC
logistic,50,3,ENTREZ_9,NAT1
logistic,50,3,ENTREZ_23594,ORC6L
logistic,50,3,ENTREZ_5241,PGR
logistic,50,3,ENTREZ_26227,PHGDH
logistic,50,3,ENTREZ_9232,PTTG1
logistic,50,3,ENTREZ_6241,RRM2
logistic,50,3,ENTREZ_6422,SFRP1
logistic,50,3,ENTREZ_25800,SLC39A6
logistic,50,3,ENTREZ_120224,TMEM45B
logistic,50,3,ENTREZ_7298,TYMS
logistic,50,3,ENTREZ_11065,UBE2C
logistic,50,3,ENTREZ_29089,UBE2T
logistic,50,4,ENTREZ_57180,ACTR3B
logistic,50,4,ENTREZ_54443,ANLN
logistic,50,4,ENTREZ_573,BAG1
logistic,50,4,ENTREZ_596,BCL2
logistic,50,4,ENTREZ_332,BIRC5
logistic,50,4,ENTREZ_644,BLVRA
logistic,50,4,ENTREZ_891,CCNB1
logistic,50,4,ENTREZ_898,CCNE1
logistic,50,4,ENTREZ_991,CDC20
logistic,50,4,ENTREZ_990,CDC6
logistic,50,4,ENTREZ_83540,NUF2
logistic,50,4,ENTREZ_1001,CDH3
logistic,50,4,ENTREZ_1063,CENPF
logistic,50,4,ENTREZ_55165,CEP55
logistic,50,4,ENTREZ_51523,CXXC5
logistic,50,4,ENTREZ_1956,EGFR
logistic,50,4,ENTREZ_2064,ERBB2
logistic,50,4,ENTREZ_2099,ESR1
logistic,50,4,ENTREZ_9156,EXO1
logistic,50,4,ENTREZ_2264,FGFR4
logistic,50,4,ENTREZ_3169,FOXA1
logistic,50,4,ENTREZ_2296,FOXC1
logistic,50,4,ENTREZ_26996,GPR160
logistic,50,4,ENTREZ_2886,GRB7
logistic,50,4,ENTREZ_11004,KIF2C
logistic,50,4,ENTREZ_10403,NDC80
logistic,50,4,ENTREZ_3861,KRT14
logistic,50,4,ENTREZ_3872,KRT17
logistic,50,4,ENTREZ_3852,KRT5
logistic,50,4,ENTREZ_4137,MAPT
logistic,50,4,ENTREZ_4193,MDM2
logistic,50,4,ENTREZ_9833,MELK
logistic,50,4,ENTREZ_8190,MIA
logistic,50,4,ENTREZ_4288,MKI67
logistic,50,4,ENTREZ_79083,MLPH
logistic,50,4,ENTREZ_4320,MMP11
logistic,50,4,ENTREZ_4605,MYBL2
logistic,50,4,ENTREZ_4609,MYC
logistic,50,4,ENTREZ_9,NAT1
logistic,50,4,ENTREZ_23594,ORC6L
logistic,50,4,ENTREZ_5241,PGR
logistic,50,4,ENTREZ_26227,PHGDH
logistic,50,4,ENTREZ_9232,PTTG1
logistic,50,4,ENTREZ_6241,RRM2
logistic,50,4,ENTREZ_6422,SFRP1
logistic,50,4,ENTREZ_25800,SLC39A6
logistic,50,4,ENTREZ_120224,TMEM45B
logistic,50,4,ENTREZ_7298,TYMS
logistic,50,4,ENTREZ_11065,UBE2C
logistic,50,4,ENTREZ_29089,UBE2T
logistic,50,5,ENTREZ_57180,ACTR3B
logistic,50,5,ENTREZ_54443,ANLN
logistic,50,5,ENTREZ_573,BAG1
logistic,50,5,ENTREZ_596,BCL2
logistic,50,5,ENTREZ_332,BIRC5
logistic,50,5,ENTREZ_644,BLVRA
logistic,50,5,ENTREZ_891,CCNB1
logistic,50,5,ENTREZ_898,CCNE1
logistic,50,5,ENTREZ_991,CDC20
logistic,50,5,ENTREZ_990,CDC6
logistic,50,5,ENTREZ_83540,NUF2
logistic,50,5,ENTREZ_1001,CDH3
logistic,50,5,ENTREZ_1063,CENPF
logistic,50,5,ENTREZ_55165,CEP55
logistic,50,5,ENTREZ_51523,CXXC5
logistic,50,5,ENTREZ_1956,EGFR
logistic,50,5,ENTREZ_2064,ERBB2
logistic,50,5,ENTREZ_2099,ESR1
logistic,50,5,ENTREZ_9156,EXO1
logistic,50,5,ENTREZ_2264,FGFR4
logistic,50,5,ENTREZ_3169,FOXA1
logistic,50,5,ENTREZ_2296,FOXC1
logistic,50,5,ENTREZ_26996,GPR160
logistic,50,5,ENTREZ_2886,GRB7
logistic,50,5,ENTREZ_11004,KIF2C
logistic,50,5,ENTREZ_10403,NDC80
logistic,50,5,ENTREZ_3861,KRT14
logistic,50,5,ENTREZ_3872,KRT17
logistic,50,5,ENTREZ_3852,KRT5
logistic,50,5,ENTREZ_4137,MAPT
logistic,50,5,ENTREZ_4193,MDM2
logistic,50,5,ENTREZ_9833,MELK
logistic,50,5,ENTREZ_8190,MIA
logistic,50,5,ENTREZ_4288,MKI67
logistic,50,5,ENTREZ_79083,MLPH
logistic,50,5,ENTREZ_4320,MMP11
logistic,50,5,ENTREZ_4605,MYBL2
logistic,50,5,ENTREZ_4609,MYC
logistic,50,5,ENTREZ_9,NAT1
logistic,50,5,ENTREZ_23594,ORC6L
logistic,50,5,ENTREZ_5241,PGR
logistic,50,5,ENTREZ_26227,PHGDH
logistic,50,5,ENTREZ_9232,PTTG1
logistic,50,5,ENTREZ_6241,RRM2
logistic,50,5,ENTREZ_6422,SFRP1
logistic,50,5,ENTREZ_25800,SLC39A6
logistic,50,5,ENTREZ_120224,TMEM45B
logistic,50,5,ENTREZ_7298,TYMS
logistic,50,5,ENTREZ_11065,UBE2C
logistic,50,5,ENTREZ_29089,UBE2T
