fold,threshold,average_genes,balanced_accuracy
1,0.0,20.0,0.9313657407407407
1,0.05,20.986842105263158,0.9360532407407407
1,0.1,21.184210526315788,0.9360532407407407
1,0.15,21.776315789473685,0.9391782407407407
1,0.2,22.763157894736842,0.9469907407407407
1,0.25,24.144736842105264,0.9516782407407407
1,0.3,25.723684210526315,0.9548032407407407
1,0.35,26.11842105263158,0.9548032407407407
1,0.4,26.907894736842106,0.9548032407407407
1,0.45,27.5,0.9579282407407407
1,0.5,27.894736842105264,0.9579282407407407
1,0.55,29.671052631578945,0.9579282407407407
1,0.6,31.64473684210526,0.9579282407407407
1,0.65,32.03947368421053,0.9579282407407407
1,0.7,33.81578947368421,0.9579282407407407
1,0.75,36.184210526315795,0.9579282407407407
1,0.8,37.76315789473684,0.9579282407407407
1,0.85,39.14473684210526,0.9579282407407407
1,0.9,41.315789473684205,0.9579282407407407
1,0.95,44.473684210526315,0.9579282407407407
1,1.0,48.815789473684205,0.9579282407407407
1,route_all,50.0,0.9579282407407407
2,0.0,20.0,0.9090856481481482
2,0.05,20.596026490066226,0.9090856481481482
2,0.1,21.986754966887418,0.9122106481481481
2,0.15,23.37748344370861,0.9184606481481481
2,0.2,23.774834437086092,0.9184606481481481
2,0.25,24.172185430463575,0.9184606481481481
2,0.3,24.7682119205298,0.9153356481481482
2,0.35,25.76158940397351,0.9153356481481482
2,0.4,26.556291390728475,0.9153356481481482
2,0.45,27.549668874172184,0.9184606481481481
2,0.5,28.543046357615893,0.9184606481481481
2,0.55,29.33774834437086,0.9184606481481481
2,0.6,30.331125827814567,0.9184606481481481
2,0.65,31.324503311258276,0.9184606481481481
2,0.7,32.317880794701985,0.9184606481481481
2,0.75,33.311258278145694,0.9184606481481481
2,0.8,35.496688741721854,0.9184606481481481
2,0.85,37.086092715231786,0.9184606481481481
2,0.9,39.0728476821192,0.9184606481481481
2,0.95,42.8476821192053,0.9184606481481481
2,1.0,48.807947019867555,0.9184606481481481
2,route_all,50.0,0.9184606481481481
3,0.0,20.0,0.8372647849462367
3,0.05,20.99337748344371,0.8549731182795699
3,0.1,21.986754966887418,0.8580981182795699
3,0.15,22.781456953642383,0.8612231182795699
3,0.2,24.370860927152318,0.8580981182795699
3,0.25,24.569536423841058,0.8580981182795699
3,0.3,25.364238410596027,0.8789314516129032
3,0.35,26.556291390728475,0.8789314516129032
3,0.4,26.95364238410596,0.8789314516129032
3,0.45,27.748344370860927,0.8997647849462367
3,0.5,28.741721854304636,0.8997647849462367
3,0.55,29.735099337748345,0.8997647849462367
3,0.6,30.728476821192054,0.8966397849462366
3,0.65,31.920529801324502,0.8966397849462366
3,0.7,32.317880794701985,0.8966397849462366
3,0.75,33.311258278145694,0.8966397849462366
3,0.8,35.29801324503312,0.8966397849462366
3,0.85,37.682119205298015,0.8966397849462366
3,0.9,39.271523178807946,0.8966397849462366
3,0.95,41.65562913907284,0.8966397849462366
3,1.0,48.41059602649007,0.8966397849462366
3,route_all,50.0,0.8966397849462366
4,0.0,20.0,0.8831317204301077
4,0.05,20.99337748344371,0.9200940860215054
4,0.1,21.589403973509935,0.9200940860215054
4,0.15,22.18543046357616,0.9232190860215054
4,0.2,22.3841059602649,0.9232190860215054
4,0.25,24.172185430463575,0.9344086021505376
4,0.3,25.562913907284766,0.9375336021505376
4,0.35,26.357615894039736,0.9344086021505376
4,0.4,27.350993377483444,0.9344086021505376
4,0.45,28.34437086092715,0.9344086021505376
4,0.5,28.94039735099338,0.9344086021505376
4,0.55,29.933774834437088,0.9344086021505376
4,0.6,30.927152317880793,0.9344086021505376
4,0.65,31.721854304635762,0.9344086021505376
4,0.7,31.920529801324502,0.9344086021505376
4,0.75,33.11258278145695,0.9344086021505376
4,0.8,34.3046357615894,0.9344086021505376
4,0.85,35.496688741721854,0.9344086021505376
4,0.9,38.47682119205298,0.9344086021505376
4,0.95,41.05960264900662,0.9344086021505376
4,1.0,47.019867549668874,0.9344086021505376
4,route_all,50.0,0.9344086021505376
5,0.0,20.0,0.9227193889970788
5,0.05,21.192052980132452,0.9258839459591042
5,0.1,22.582781456953644,0.9400255598831548
5,0.15,23.178807947019866,0.9400255598831548
5,0.2,23.973509933774835,0.9400255598831548
5,0.25,24.569536423841058,0.9400255598831548
5,0.3,25.76158940397351,0.9510026168451802
5,0.35,26.75496688741722,0.9478380598831548
5,0.4,26.95364238410596,0.9478380598831548
5,0.45,27.94701986754967,0.9478380598831548
5,0.5,28.34437086092715,0.9478380598831548
5,0.55,29.735099337748345,0.9478380598831548
5,0.6,30.52980132450331,0.9478380598831548
5,0.65,31.324503311258276,0.9478380598831548
5,0.7,32.317880794701985,0.9478380598831548
5,0.75,34.70198675496689,0.9478380598831548
5,0.8,35.89403973509934,0.9478380598831548
5,0.85,37.88079470198676,0.9478380598831548
5,0.9,39.66887417218543,0.9478380598831548
5,0.95,43.04635761589404,0.9478380598831548
5,1.0,48.609271523178805,0.9478380598831548
5,route_all,50.0,0.9478380598831548
