pam50_source_symbol,Entrez_Gene_Id,Hugo_Symbol,feature_id
ACTR3B,57180,ACTR3B,ENTREZ_57180
ANLN,54443,ANLN,ENTREZ_54443
BAG1,573,BAG1,ENTREZ_573
BCL2,596,BCL2,ENTREZ_596
BIRC5,332,BIRC5,ENTREZ_332
BLVRA,644,BLVRA,ENTREZ_644
CCNB1,891,CCNB1,ENTREZ_891
CCNE1,898,CCNE1,ENTREZ_898
CDC20,991,CDC20,ENTREZ_991
CDC6,990,CDC6,ENTREZ_990
CDCA1,83540,NUF2,ENTREZ_83540
CDH3,1001,CDH3,ENTREZ_1001
CENPF,1063,CENPF,ENTREZ_1063
CEP55,55165,CEP55,ENTREZ_55165
CXXC5,51523,CXXC5,ENTREZ_51523
EGFR,1956,EGFR,ENTREZ_1956
ERBB2,2064,ERBB2,ENTREZ_2064
ESR1,2099,ESR1,ENTREZ_2099
EXO1,9156,EXO1,ENTREZ_9156
FGFR4,2264,FGFR4,ENTREZ_2264
FOXA1,3169,FOXA1,ENTREZ_3169
FOXC1,2296,FOXC1,ENTREZ_2296
GPR160,26996,GPR160,ENTREZ_26996
GRB7,2886,GRB7,ENTREZ_2886
KIF2C,11004,KIF2C,ENTREZ_11004
KNTC2,10403,NDC80,ENTREZ_10403
KRT14,3861,KRT14,ENTREZ_3861
KRT17,3872,KRT17,ENTREZ_3872
KRT5,3852,KRT5,ENTREZ_3852
MAPT,4137,MAPT,ENTREZ_4137
MDM2,4193,MDM2,ENTREZ_4193
MELK,9833,MELK,ENTREZ_9833
MIA,8190,MIA,ENTREZ_8190
MKI67,4288,MKI67,ENTREZ_4288
MLPH,79083,MLPH,ENTREZ_79083
MMP11,4320,MMP11,ENTREZ_4320
MYBL2,4605,MYBL2,ENTREZ_4605
MYC,4609,MYC,ENTREZ_4609
NAT1,9,NAT1,ENTREZ_9
ORC6L,23594,ORC6L,ENTREZ_23594
PGR,5241,PGR,ENTREZ_5241
PHGDH,26227,PHGDH,ENTREZ_26227
PTTG1,9232,PTTG1,ENTREZ_9232
RRM2,6241,RRM2,ENTREZ_6241
SFRP1,6422,SFRP1,ENTREZ_6422
SLC39A6,25800,SLC39A6,ENTREZ_25800
TMEM45B,120224,TMEM45B,ENTREZ_120224
TYMS,7298,TYMS,ENTREZ_7298
UBE2C,11065,UBE2C,ENTREZ_11065
UBE2T,29089,UBE2T,ENTREZ_29089
