model,panel_size,feature_id,gene_symbol,selected_in_outer_folds,selection_fraction
logistic,100,ENTREZ_100129583,FAM47E,5,1.0
logistic,100,ENTREZ_10551,AGR2,5,1.0
logistic,100,ENTREZ_1058,CENPA,5,1.0
logistic,100,ENTREZ_11004,KIF2C,1,0.2
logistic,100,ENTREZ_113115,FAM54A,1,0.2
logistic,100,ENTREZ_115677,NOSTRIN,5,1.0
logistic,100,ENTREZ_123016,TTC8,1,0.2
logistic,100,ENTREZ_123099,DEGS2,5,1.0
logistic,100,ENTREZ_127733,UBXN10,1,0.2
logistic,100,ENTREZ_134147,CMBL,5,1.0
logistic,100,ENTREZ_135295,SFRS13B,5,1.0
logistic,100,ENTREZ_140578,CHODL,5,1.0
logistic,100,ENTREZ_143941,TTC36,5,1.0
logistic,100,ENTREZ_144568,A2ML1,5,1.0
logistic,100,ENTREZ_145837,DRAIC,5,1.0
logistic,100,ENTREZ_146923,RUNDC1,1,0.2
logistic,100,ENTREZ_149563,C1orf64,5,1.0
logistic,100,ENTREZ_1503,CTPS,1,0.2
logistic,100,ENTREZ_152015,ROPN1B,3,0.6
logistic,100,ENTREZ_155465,AGR3,5,1.0
logistic,100,ENTREZ_1556,CYP2B7P1,2,0.4
logistic,100,ENTREZ_1602,DACH1,2,0.4
logistic,100,ENTREZ_161835,FSIP1,5,1.0
logistic,100,ENTREZ_18,ABAT,5,1.0
logistic,100,ENTREZ_196993,CT62,5,1.0
logistic,100,ENTREZ_201895,C4orf34,4,0.8
logistic,100,ENTREZ_2019,EN1,1,0.2
logistic,100,ENTREZ_202243,CCDC125,5,1.0
logistic,100,ENTREZ_203413,CXorf61,5,1.0
logistic,100,ENTREZ_2066,ERBB4,5,1.0
logistic,100,ENTREZ_2099,ESR1,5,1.0
logistic,100,ENTREZ_2203,FBP1,5,1.0
logistic,100,ENTREZ_221061,FAM171A1,5,1.0
logistic,100,ENTREZ_222171,PRR15,5,1.0
logistic,100,ENTREZ_22901,ARSG,5,1.0
logistic,100,ENTREZ_2296,FOXC1,5,1.0
logistic,100,ENTREZ_22974,TPX2,2,0.4
logistic,100,ENTREZ_23030,KDM4B,3,0.6
logistic,100,ENTREZ_2305,FOXM1,3,0.6
logistic,100,ENTREZ_23158,TBC1D9,5,1.0
logistic,100,ENTREZ_23428,SLC7A8,5,1.0
logistic,100,ENTREZ_23590,PDSS1,5,1.0
logistic,100,ENTREZ_23594,ORC6L,2,0.4
logistic,100,ENTREZ_25803,SPDEF,5,1.0
logistic,100,ENTREZ_260429,PRSS33,3,0.6
logistic,100,ENTREZ_2625,GATA3,5,1.0
logistic,100,ENTREZ_2674,GFRA1,1,0.2
logistic,100,ENTREZ_26996,GPR160,5,1.0
logistic,100,ENTREZ_27124,INPP5J,2,0.4
logistic,100,ENTREZ_27202,GPR77,5,1.0
logistic,100,ENTREZ_27289,RND1,1,0.2
logistic,100,ENTREZ_276,AMY1A,3,0.6
logistic,100,ENTREZ_283987,C17orf28,5,1.0
logistic,100,ENTREZ_285600,C5orf36,4,0.8
logistic,100,ENTREZ_29968,PSAT1,5,1.0
logistic,100,ENTREZ_3169,FOXA1,5,1.0
logistic,100,ENTREZ_323,APBB2,1,0.2
logistic,100,ENTREZ_3475,IFRD1,5,1.0
logistic,100,ENTREZ_36,ACADSB,5,1.0
logistic,100,ENTREZ_367,AR,5,1.0
logistic,100,ENTREZ_3767,KCNJ11,5,1.0
logistic,100,ENTREZ_3868,KRT16,5,1.0
logistic,100,ENTREZ_387103,CENPW,5,1.0
logistic,100,ENTREZ_388743,CAPN8,3,0.6
logistic,100,ENTREZ_3899,AFF3,5,1.0
logistic,100,ENTREZ_399717,GATA3-AS1,5,1.0
logistic,100,ENTREZ_4010,LMX1B,1,0.2
logistic,100,ENTREZ_401535,C9orf170,5,1.0
logistic,100,ENTREZ_401546,C9orf152,5,1.0
logistic,100,ENTREZ_4137,MAPT,5,1.0
logistic,100,ENTREZ_419,ART3,5,1.0
logistic,100,ENTREZ_4602,MYB,4,0.8
logistic,100,ENTREZ_4904,YBX1,5,1.0
logistic,100,ENTREZ_4948,OCA2,1,0.2
logistic,100,ENTREZ_51364,ZMYND10,5,1.0
logistic,100,ENTREZ_51442,VGLL1,5,1.0
logistic,100,ENTREZ_5241,PGR,5,1.0
logistic,100,ENTREZ_53335,BCL11A,2,0.4
logistic,100,ENTREZ_54763,ROPN1,5,1.0
logistic,100,ENTREZ_54847,SIDT1,5,1.0
logistic,100,ENTREZ_55143,CDCA8,5,1.0
logistic,100,ENTREZ_55165,CEP55,3,0.6
logistic,100,ENTREZ_55301,OLAH,3,0.6
logistic,100,ENTREZ_55388,MCM10,1,0.2
logistic,100,ENTREZ_55839,CENPN,5,1.0
logistic,100,ENTREZ_56204,KIAA1370,2,0.4
logistic,100,ENTREZ_56888,KCMF1,1,0.2
logistic,100,ENTREZ_57222,ERGIC1,1,0.2
logistic,100,ENTREZ_57758,SCUBE2,5,1.0
logistic,100,ENTREZ_64084,CLSTN2,5,1.0
logistic,100,ENTREZ_6584,SLC22A5,5,1.0
logistic,100,ENTREZ_6833,ABCC8,5,1.0
logistic,100,ENTREZ_7031,TFF1,5,1.0
logistic,100,ENTREZ_7033,TFF3,5,1.0
logistic,100,ENTREZ_7272,TTK,4,0.8
logistic,100,ENTREZ_7494,XBP1,5,1.0
logistic,100,ENTREZ_771,CA12,5,1.0
logistic,100,ENTREZ_7802,DNALI1,5,1.0
logistic,100,ENTREZ_79083,MLPH,5,1.0
logistic,100,ENTREZ_79723,SUV39H2,4,0.8
logistic,100,ENTREZ_79818,ZNF552,5,1.0
logistic,100,ENTREZ_79875,THSD4,5,1.0
logistic,100,ENTREZ_80129,C6orf97,5,1.0
logistic,100,ENTREZ_80736,SLC44A4,5,1.0
logistic,100,ENTREZ_81706,PPP1R14C,5,1.0
logistic,100,ENTREZ_8326,FZD9,5,1.0
logistic,100,ENTREZ_84002,B3GNT5,5,1.0
logistic,100,ENTREZ_84072,HORMAD1,5,1.0
logistic,100,ENTREZ_8416,ANXA9,5,1.0
logistic,100,ENTREZ_8537,BCAS1,5,1.0
logistic,100,ENTREZ_85377,MICALL1,5,1.0
logistic,100,ENTREZ_8821,INPP4B,5,1.0
logistic,100,ENTREZ_898,CCNE1,5,1.0
logistic,100,ENTREZ_9,NAT1,5,1.0
logistic,100,ENTREZ_9135,RABEP1,2,0.4
logistic,100,ENTREZ_92291,CAPN13,5,1.0
logistic,100,ENTREZ_92840,REEP6,1,0.2
logistic,100,ENTREZ_93273,LEMD1,5,1.0
logistic,100,ENTREZ_9568,GABBR2,5,1.0
logistic,100,ENTREZ_9654,TTLL4,4,0.8
logistic,100,ENTREZ_9687,GREB1,5,1.0
logistic,100,ENTREZ_991,CDC20,4,0.8
logistic,100,ENTREZ_993,CDC25A,1,0.2
random_forest,100,ENTREZ_100129583,FAM47E,5,1.0
random_forest,100,ENTREZ_10551,AGR2,5,1.0
random_forest,100,ENTREZ_1058,CENPA,5,1.0
random_forest,100,ENTREZ_11004,KIF2C,1,0.2
random_forest,100,ENTREZ_113115,FAM54A,1,0.2
random_forest,100,ENTREZ_115677,NOSTRIN,5,1.0
random_forest,100,ENTREZ_123016,TTC8,1,0.2
random_forest,100,ENTREZ_123099,DEGS2,5,1.0
random_forest,100,ENTREZ_127733,UBXN10,1,0.2
random_forest,100,ENTREZ_134147,CMBL,5,1.0
random_forest,100,ENTREZ_135295,SFRS13B,5,1.0
random_forest,100,ENTREZ_140578,CHODL,5,1.0
random_forest,100,ENTREZ_143941,TTC36,5,1.0
random_forest,100,ENTREZ_144568,A2ML1,5,1.0
random_forest,100,ENTREZ_145837,DRAIC,5,1.0
random_forest,100,ENTREZ_146923,RUNDC1,1,0.2
random_forest,100,ENTREZ_149563,C1orf64,5,1.0
random_forest,100,ENTREZ_1503,CTPS,1,0.2
random_forest,100,ENTREZ_152015,ROPN1B,3,0.6
random_forest,100,ENTREZ_155465,AGR3,5,1.0
random_forest,100,ENTREZ_1556,CYP2B7P1,2,0.4
random_forest,100,ENTREZ_1602,DACH1,2,0.4
random_forest,100,ENTREZ_161835,FSIP1,5,1.0
random_forest,100,ENTREZ_18,ABAT,5,1.0
random_forest,100,ENTREZ_196993,CT62,5,1.0
random_forest,100,ENTREZ_201895,C4orf34,4,0.8
random_forest,100,ENTREZ_2019,EN1,1,0.2
random_forest,100,ENTREZ_202243,CCDC125,5,1.0
random_forest,100,ENTREZ_203413,CXorf61,5,1.0
random_forest,100,ENTREZ_2066,ERBB4,5,1.0
random_forest,100,ENTREZ_2099,ESR1,5,1.0
random_forest,100,ENTREZ_2203,FBP1,5,1.0
random_forest,100,ENTREZ_221061,FAM171A1,5,1.0
random_forest,100,ENTREZ_222171,PRR15,5,1.0
random_forest,100,ENTREZ_22901,ARSG,5,1.0
random_forest,100,ENTREZ_2296,FOXC1,5,1.0
random_forest,100,ENTREZ_22974,TPX2,2,0.4
random_forest,100,ENTREZ_23030,KDM4B,3,0.6
random_forest,100,ENTREZ_2305,FOXM1,3,0.6
random_forest,100,ENTREZ_23158,TBC1D9,5,1.0
random_forest,100,ENTREZ_23428,SLC7A8,5,1.0
random_forest,100,ENTREZ_23590,PDSS1,5,1.0
random_forest,100,ENTREZ_23594,ORC6L,2,0.4
random_forest,100,ENTREZ_25803,SPDEF,5,1.0
random_forest,100,ENTREZ_260429,PRSS33,3,0.6
random_forest,100,ENTREZ_2625,GATA3,5,1.0
random_forest,100,ENTREZ_2674,GFRA1,1,0.2
random_forest,100,ENTREZ_26996,GPR160,5,1.0
random_forest,100,ENTREZ_27124,INPP5J,2,0.4
random_forest,100,ENTREZ_27202,GPR77,5,1.0
random_forest,100,ENTREZ_27289,RND1,1,0.2
random_forest,100,ENTREZ_276,AMY1A,3,0.6
random_forest,100,ENTREZ_283987,C17orf28,5,1.0
random_forest,100,ENTREZ_285600,C5orf36,4,0.8
random_forest,100,ENTREZ_29968,PSAT1,5,1.0
random_forest,100,ENTREZ_3169,FOXA1,5,1.0
random_forest,100,ENTREZ_323,APBB2,1,0.2
random_forest,100,ENTREZ_3475,IFRD1,5,1.0
random_forest,100,ENTREZ_36,ACADSB,5,1.0
random_forest,100,ENTREZ_367,AR,5,1.0
random_forest,100,ENTREZ_3767,KCNJ11,5,1.0
random_forest,100,ENTREZ_3868,KRT16,5,1.0
random_forest,100,ENTREZ_387103,CENPW,5,1.0
random_forest,100,ENTREZ_388743,CAPN8,3,0.6
random_forest,100,ENTREZ_3899,AFF3,5,1.0
random_forest,100,ENTREZ_399717,GATA3-AS1,5,1.0
random_forest,100,ENTREZ_4010,LMX1B,1,0.2
random_forest,100,ENTREZ_401535,C9orf170,5,1.0
random_forest,100,ENTREZ_401546,C9orf152,5,1.0
random_forest,100,ENTREZ_4137,MAPT,5,1.0
random_forest,100,ENTREZ_419,ART3,5,1.0
random_forest,100,ENTREZ_4602,MYB,4,0.8
random_forest,100,ENTREZ_4904,YBX1,5,1.0
random_forest,100,ENTREZ_4948,OCA2,1,0.2
random_forest,100,ENTREZ_51364,ZMYND10,5,1.0
random_forest,100,ENTREZ_51442,VGLL1,5,1.0
random_forest,100,ENTREZ_5241,PGR,5,1.0
random_forest,100,ENTREZ_53335,BCL11A,2,0.4
random_forest,100,ENTREZ_54763,ROPN1,5,1.0
random_forest,100,ENTREZ_54847,SIDT1,5,1.0
random_forest,100,ENTREZ_55143,CDCA8,5,1.0
random_forest,100,ENTREZ_55165,CEP55,3,0.6
random_forest,100,ENTREZ_55301,OLAH,3,0.6
random_forest,100,ENTREZ_55388,MCM10,1,0.2
random_forest,100,ENTREZ_55839,CENPN,5,1.0
random_forest,100,ENTREZ_56204,KIAA1370,2,0.4
random_forest,100,ENTREZ_56888,KCMF1,1,0.2
random_forest,100,ENTREZ_57222,ERGIC1,1,0.2
random_forest,100,ENTREZ_57758,SCUBE2,5,1.0
random_forest,100,ENTREZ_64084,CLSTN2,5,1.0
random_forest,100,ENTREZ_6584,SLC22A5,5,1.0
random_forest,100,ENTREZ_6833,ABCC8,5,1.0
random_forest,100,ENTREZ_7031,TFF1,5,1.0
random_forest,100,ENTREZ_7033,TFF3,5,1.0
random_forest,100,ENTREZ_7272,TTK,4,0.8
random_forest,100,ENTREZ_7494,XBP1,5,1.0
random_forest,100,ENTREZ_771,CA12,5,1.0
random_forest,100,ENTREZ_7802,DNALI1,5,1.0
random_forest,100,ENTREZ_79083,MLPH,5,1.0
random_forest,100,ENTREZ_79723,SUV39H2,4,0.8
random_forest,100,ENTREZ_79818,ZNF552,5,1.0
random_forest,100,ENTREZ_79875,THSD4,5,1.0
random_forest,100,ENTREZ_80129,C6orf97,5,1.0
random_forest,100,ENTREZ_80736,SLC44A4,5,1.0
random_forest,100,ENTREZ_81706,PPP1R14C,5,1.0
random_forest,100,ENTREZ_8326,FZD9,5,1.0
random_forest,100,ENTREZ_84002,B3GNT5,5,1.0
random_forest,100,ENTREZ_84072,HORMAD1,5,1.0
random_forest,100,ENTREZ_8416,ANXA9,5,1.0
random_forest,100,ENTREZ_8537,BCAS1,5,1.0
random_forest,100,ENTREZ_85377,MICALL1,5,1.0
random_forest,100,ENTREZ_8821,INPP4B,5,1.0
random_forest,100,ENTREZ_898,CCNE1,5,1.0
random_forest,100,ENTREZ_9,NAT1,5,1.0
random_forest,100,ENTREZ_9135,RABEP1,2,0.4
random_forest,100,ENTREZ_92291,CAPN13,5,1.0
random_forest,100,ENTREZ_92840,REEP6,1,0.2
random_forest,100,ENTREZ_93273,LEMD1,5,1.0
random_forest,100,ENTREZ_9568,GABBR2,5,1.0
random_forest,100,ENTREZ_9654,TTLL4,4,0.8
random_forest,100,ENTREZ_9687,GREB1,5,1.0
random_forest,100,ENTREZ_991,CDC20,4,0.8
random_forest,100,ENTREZ_993,CDC25A,1,0.2
xgboost,500,ENTREZ_100128927,ZBTB42,4,0.8
xgboost,500,ENTREZ_100129583,FAM47E,5,1.0
xgboost,500,ENTREZ_100130148,MAPT-IT1,5,1.0
xgboost,500,ENTREZ_100132994,CXorf49B,5,1.0
xgboost,500,ENTREZ_100188953,NCRNA00092,5,1.0
xgboost,500,ENTREZ_10024,TROAP,2,0.4
xgboost,500,ENTREZ_10103,TSPAN1,5,1.0
xgboost,500,ENTREZ_10112,KIF20A,4,0.8
xgboost,500,ENTREZ_10130,PDIA6,5,1.0
xgboost,500,ENTREZ_10229,COQ7,1,0.2
xgboost,500,ENTREZ_10232,MSLN,1,0.2
xgboost,500,ENTREZ_1033,CDKN3,4,0.8
xgboost,500,ENTREZ_10361,NPM2,2,0.4
xgboost,500,ENTREZ_10403,NDC80,5,1.0
xgboost,500,ENTREZ_10451,VAV3,5,1.0
xgboost,500,ENTREZ_1051,CEBPB,1,0.2
xgboost,500,ENTREZ_10551,AGR2,5,1.0
xgboost,500,ENTREZ_1058,CENPA,5,1.0
xgboost,500,ENTREZ_10612,TRIM3,5,1.0
xgboost,500,ENTREZ_10614,HEXIM1,1,0.2
xgboost,500,ENTREZ_1062,CENPE,4,0.8
xgboost,500,ENTREZ_10635,RAD51AP1,5,1.0
xgboost,500,ENTREZ_10643,IGF2BP3,5,1.0
xgboost,500,ENTREZ_10644,IGF2BP2,4,0.8
xgboost,500,ENTREZ_10721,POLQ,5,1.0
xgboost,500,ENTREZ_10742,RAI2,4,0.8
xgboost,500,ENTREZ_10809,STARD10,3,0.6
xgboost,500,ENTREZ_10815,CPLX1,1,0.2
xgboost,500,ENTREZ_10827,FAM114A2,1,0.2
xgboost,500,ENTREZ_10916,MAGED2,5,1.0
xgboost,500,ENTREZ_10926,DBF4,5,1.0
xgboost,500,ENTREZ_10940,POP1,3,0.6
xgboost,500,ENTREZ_10943,MSL3,2,0.4
xgboost,500,ENTREZ_10950,BTG3,2,0.4
xgboost,500,ENTREZ_11004,KIF2C,5,1.0
xgboost,500,ENTREZ_1101,CHAD,5,1.0
xgboost,500,ENTREZ_11059,WWP1,5,1.0
xgboost,500,ENTREZ_11065,UBE2C,5,1.0
xgboost,500,ENTREZ_1111,CHEK1,5,1.0
xgboost,500,ENTREZ_11122,PTPRT,5,1.0
xgboost,500,ENTREZ_11124,FAF1,1,0.2
xgboost,500,ENTREZ_11164,NUDT5,4,0.8
xgboost,500,ENTREZ_11200,CHEK2,1,0.2
xgboost,500,ENTREZ_11240,PADI2,2,0.4
xgboost,500,ENTREZ_11254,SLC6A14,1,0.2
xgboost,500,ENTREZ_1131,CHRM3,1,0.2
xgboost,500,ENTREZ_113115,FAM54A,5,1.0
xgboost,500,ENTREZ_113130,CDCA5,5,1.0
xgboost,500,ENTREZ_11321,GPN1,3,0.6
xgboost,500,ENTREZ_11329,STK38,2,0.4
xgboost,500,ENTREZ_11339,OIP5,4,0.8
xgboost,500,ENTREZ_11341,SCRG1,3,0.6
xgboost,500,ENTREZ_115,ADCY9,4,0.8
xgboost,500,ENTREZ_115019,SLC26A9,5,1.0
xgboost,500,ENTREZ_1153,CIRBP,5,1.0
xgboost,500,ENTREZ_115677,NOSTRIN,5,1.0
xgboost,500,ENTREZ_1163,CKS1B,5,1.0
xgboost,500,ENTREZ_1183,CLCN4,5,1.0
xgboost,500,ENTREZ_119032,C10orf32,5,1.0
xgboost,500,ENTREZ_120224,TMEM45B,3,0.6
xgboost,500,ENTREZ_122773,KLHDC1,2,0.4
xgboost,500,ENTREZ_122970,ACOT4,5,1.0
xgboost,500,ENTREZ_123016,TTC8,5,1.0
xgboost,500,ENTREZ_123099,DEGS2,5,1.0
xgboost,500,ENTREZ_123872,LRRC50,3,0.6
xgboost,500,ENTREZ_124220,ZG16B,5,1.0
xgboost,500,ENTREZ_1258,CNGB1,1,0.2
xgboost,500,ENTREZ_126006,PCP2,5,1.0
xgboost,500,ENTREZ_127733,UBXN10,5,1.0
xgboost,500,ENTREZ_130888,FBXO36,4,0.8
xgboost,500,ENTREZ_132720,C4orf32,5,1.0
xgboost,500,ENTREZ_132864,CPEB2,5,1.0
xgboost,500,ENTREZ_134147,CMBL,5,1.0
xgboost,500,ENTREZ_135293,PM20D2,5,1.0
xgboost,500,ENTREZ_135295,SFRS13B,5,1.0
xgboost,500,ENTREZ_1359,CPA3,1,0.2
xgboost,500,ENTREZ_138162,C9orf116,5,1.0
xgboost,500,ENTREZ_139285,FAM123B,5,1.0
xgboost,500,ENTREZ_140578,CHODL,5,1.0
xgboost,500,ENTREZ_1408,CRY2,5,1.0
xgboost,500,ENTREZ_1410,CRYAB,5,1.0
xgboost,500,ENTREZ_143425,SYT9,5,1.0
xgboost,500,ENTREZ_143941,TTC36,5,1.0
xgboost,500,ENTREZ_144568,A2ML1,5,1.0
xgboost,500,ENTREZ_145837,DRAIC,5,1.0
xgboost,500,ENTREZ_145864,HAPLN3,5,1.0
xgboost,500,ENTREZ_146433,IL34,1,0.2
xgboost,500,ENTREZ_1466,CSRP2,1,0.2
xgboost,500,ENTREZ_146760,RTN4RL1,1,0.2
xgboost,500,ENTREZ_146909,KIF18B,5,1.0
xgboost,500,ENTREZ_146923,RUNDC1,5,1.0
xgboost,500,ENTREZ_147798,TMC4,2,0.4
xgboost,500,ENTREZ_148327,CREB3L4,5,1.0
xgboost,500,ENTREZ_149563,C1orf64,5,1.0
xgboost,500,ENTREZ_1503,CTPS,5,1.0
xgboost,500,ENTREZ_1515,CTSL2,2,0.4
xgboost,500,ENTREZ_151648,SGOL1,5,1.0
xgboost,500,ENTREZ_152015,ROPN1B,5,1.0
xgboost,500,ENTREZ_152110,NEK10,5,1.0
xgboost,500,ENTREZ_154064,RAET1L,4,0.8
xgboost,500,ENTREZ_154664,ABCA13,2,0.4
xgboost,500,ENTREZ_155465,AGR3,5,1.0
xgboost,500,ENTREZ_1556,CYP2B7P1,5,1.0
xgboost,500,ENTREZ_157313,CDCA2,5,1.0
xgboost,500,ENTREZ_1580,CYP4B1,1,0.2
xgboost,500,ENTREZ_158046,NXNL2,5,1.0
xgboost,500,ENTREZ_158067,C9orf98,5,1.0
xgboost,500,ENTREZ_1602,DACH1,5,1.0
xgboost,500,ENTREZ_161394,C14orf174,5,1.0
xgboost,500,ENTREZ_161835,FSIP1,5,1.0
xgboost,500,ENTREZ_163720,CYP4Z2P,5,1.0
xgboost,500,ENTREZ_164832,LONRF2,5,1.0
xgboost,500,ENTREZ_165257,C1QL2,2,0.4
xgboost,500,ENTREZ_165324,UBXN2A,5,1.0
xgboost,500,ENTREZ_166815,TIGD2,4,0.8
xgboost,500,ENTREZ_168455,FLJ36031,1,0.2
xgboost,500,ENTREZ_170689,ADAMTS15,5,1.0
xgboost,500,ENTREZ_1736,DKC1,5,1.0
xgboost,500,ENTREZ_1750,DLX6,5,1.0
xgboost,500,ENTREZ_1761,DMRT1,4,0.8
xgboost,500,ENTREZ_1767,DNAH5,4,0.8
xgboost,500,ENTREZ_1789,DNMT3B,2,0.4
xgboost,500,ENTREZ_18,ABAT,5,1.0
xgboost,500,ENTREZ_1831,TSC22D3,2,0.4
xgboost,500,ENTREZ_1870,E2F2,5,1.0
xgboost,500,ENTREZ_1871,E2F3,4,0.8
xgboost,500,ENTREZ_196993,CT62,5,1.0
xgboost,500,ENTREZ_201895,C4orf34,5,1.0
xgboost,500,ENTREZ_2019,EN1,5,1.0
xgboost,500,ENTREZ_202243,CCDC125,5,1.0
xgboost,500,ENTREZ_2023,ENO1,5,1.0
xgboost,500,ENTREZ_203068,TUBB,5,1.0
xgboost,500,ENTREZ_203328,SUSD3,5,1.0
xgboost,500,ENTREZ_203413,CXorf61,5,1.0
xgboost,500,ENTREZ_2066,ERBB4,5,1.0
xgboost,500,ENTREZ_2099,ESR1,5,1.0
xgboost,500,ENTREZ_2146,EZH2,5,1.0
xgboost,500,ENTREZ_2155,F7,5,1.0
xgboost,500,ENTREZ_2173,FABP7,2,0.4
xgboost,500,ENTREZ_2175,FANCA,5,1.0
xgboost,500,ENTREZ_2178,FANCE,3,0.6
xgboost,500,ENTREZ_2187,FANCB,2,0.4
xgboost,500,ENTREZ_220074,LRTOMT,5,1.0
xgboost,500,ENTREZ_220134,SKA1,5,1.0
xgboost,500,ENTREZ_2203,FBP1,5,1.0
xgboost,500,ENTREZ_221061,FAM171A1,5,1.0
xgboost,500,ENTREZ_221150,SKA3,5,1.0
xgboost,500,ENTREZ_221718,C6orf218,5,1.0
xgboost,500,ENTREZ_222171,PRR15,5,1.0
xgboost,500,ENTREZ_22885,ABLIM3,5,1.0
xgboost,500,ENTREZ_22901,ARSG,5,1.0
xgboost,500,ENTREZ_22929,SEPHS1,1,0.2
xgboost,500,ENTREZ_22934,RPIA,5,1.0
xgboost,500,ENTREZ_2296,FOXC1,5,1.0
xgboost,500,ENTREZ_22974,TPX2,5,1.0
xgboost,500,ENTREZ_22977,AKR7A3,5,1.0
xgboost,500,ENTREZ_22996,TTC39A,5,1.0
xgboost,500,ENTREZ_23030,KDM4B,5,1.0
xgboost,500,ENTREZ_2305,FOXM1,5,1.0
xgboost,500,ENTREZ_23109,DDN,5,1.0
xgboost,500,ENTREZ_23158,TBC1D9,5,1.0
xgboost,500,ENTREZ_23171,GPD1L,4,0.8
xgboost,500,ENTREZ_23175,LPIN1,5,1.0
xgboost,500,ENTREZ_23324,MAN2B2,2,0.4
xgboost,500,ENTREZ_23338,PHF15,2,0.4
xgboost,500,ENTREZ_23371,TENC1,5,1.0
xgboost,500,ENTREZ_23397,NCAPH,5,1.0
xgboost,500,ENTREZ_23428,SLC7A8,5,1.0
xgboost,500,ENTREZ_23560,GTPBP4,5,1.0
xgboost,500,ENTREZ_23588,KLHDC2,1,0.2
xgboost,500,ENTREZ_23590,PDSS1,5,1.0
xgboost,500,ENTREZ_23594,ORC6L,5,1.0
xgboost,500,ENTREZ_23650,TRIM29,1,0.2
xgboost,500,ENTREZ_24137,KIF4A,5,1.0
xgboost,500,ENTREZ_245973,ATP6V1C2,5,1.0
xgboost,500,ENTREZ_246243,RNASEH1,4,0.8
xgboost,500,ENTREZ_252884,ZNF396,3,0.6
xgboost,500,ENTREZ_253959,RALGAPA1,2,0.4
xgboost,500,ENTREZ_254013,C12orf72,3,0.6
xgboost,500,ENTREZ_254439,C11orf86,4,0.8
xgboost,500,ENTREZ_255426,RASGEF1C,5,1.0
xgboost,500,ENTREZ_256394,SERPINA11,5,1.0
xgboost,500,ENTREZ_2568,GABRP,5,1.0
xgboost,500,ENTREZ_257236,CCDC96,5,1.0
xgboost,500,ENTREZ_25800,SLC39A6,5,1.0
xgboost,500,ENTREZ_25803,SPDEF,5,1.0
xgboost,500,ENTREZ_25876,SPEF1,5,1.0
xgboost,500,ENTREZ_25902,MTHFD1L,5,1.0
xgboost,500,ENTREZ_25924,MYRIP,3,0.6
xgboost,500,ENTREZ_259266,ASPM,4,0.8
xgboost,500,ENTREZ_2593,GAMT,5,1.0
xgboost,500,ENTREZ_26018,LRIG1,3,0.6
xgboost,500,ENTREZ_260429,PRSS33,5,1.0
xgboost,500,ENTREZ_26074,C20orf26,2,0.4
xgboost,500,ENTREZ_26135,SERBP1,4,0.8
xgboost,500,ENTREZ_26166,RGS22,5,1.0
xgboost,500,ENTREZ_262,AMD1,4,0.8
xgboost,500,ENTREZ_26227,PHGDH,2,0.4
xgboost,500,ENTREZ_26234,FBXL5,5,1.0
xgboost,500,ENTREZ_2625,GATA3,5,1.0
xgboost,500,ENTREZ_2674,GFRA1,5,1.0
xgboost,500,ENTREZ_2676,GFRA3,5,1.0
xgboost,500,ENTREZ_26996,GPR160,5,1.0
xgboost,500,ENTREZ_27000,DNAJC2,1,0.2
xgboost,500,ENTREZ_2707,GJB3,5,1.0
xgboost,500,ENTREZ_27075,TSPAN13,5,1.0
xgboost,500,ENTREZ_27124,INPP5J,5,1.0
xgboost,500,ENTREZ_27160,INGX,5,1.0
xgboost,500,ENTREZ_27198,GPR81,4,0.8
xgboost,500,ENTREZ_27202,GPR77,5,1.0
xgboost,500,ENTREZ_27289,RND1,5,1.0
xgboost,500,ENTREZ_27324,TOX3,2,0.4
xgboost,500,ENTREZ_276,AMY1A,5,1.0
xgboost,500,ENTREZ_2813,GP2,5,1.0
xgboost,500,ENTREZ_2824,GPM6B,1,0.2
xgboost,500,ENTREZ_283987,C17orf28,5,1.0
xgboost,500,ENTREZ_284467,FAM19A3,5,1.0
xgboost,500,ENTREZ_284578,MFSD4A-AS1,5,1.0
xgboost,500,ENTREZ_285368,PRRT3,5,1.0
xgboost,500,ENTREZ_285386,TPRG1,5,1.0
xgboost,500,ENTREZ_285600,C5orf36,5,1.0
xgboost,500,ENTREZ_285629,LINC02159,2,0.4
xgboost,500,ENTREZ_285987,DLX6-AS1,1,0.2
xgboost,500,ENTREZ_286887,KRT6C,2,0.4
xgboost,500,ENTREZ_29015,SLC43A3,2,0.4
xgboost,500,ENTREZ_29078,NDUFAF4,1,0.2
xgboost,500,ENTREZ_29083,GTPBP8,1,0.2
xgboost,500,ENTREZ_29089,UBE2T,5,1.0
xgboost,500,ENTREZ_29113,C6orf15,2,0.4
xgboost,500,ENTREZ_2925,GRPR,5,1.0
xgboost,500,ENTREZ_2950,GSTP1,1,0.2
xgboost,500,ENTREZ_29899,GPSM2,3,0.6
xgboost,500,ENTREZ_29968,PSAT1,5,1.0
xgboost,500,ENTREZ_29970,SCHIP1,4,0.8
xgboost,500,ENTREZ_29980,DONSON,5,1.0
xgboost,500,ENTREZ_30012,TLX3,1,0.2
xgboost,500,ENTREZ_3068,HDGF,1,0.2
xgboost,500,ENTREZ_3159,HMGA1,5,1.0
xgboost,500,ENTREZ_3169,FOXA1,5,1.0
xgboost,500,ENTREZ_323,APBB2,5,1.0
xgboost,500,ENTREZ_3263,HPX,1,0.2
xgboost,500,ENTREZ_332,BIRC5,5,1.0
xgboost,500,ENTREZ_338699,ANKRD42,3,0.6
xgboost,500,ENTREZ_338761,C1QL4,5,1.0
xgboost,500,ENTREZ_339761,CYP27C1,2,0.4
xgboost,500,ENTREZ_341676,NEK5,2,0.4
xgboost,500,ENTREZ_343990,C2orf55,2,0.4
xgboost,500,ENTREZ_345757,FAM174A,5,1.0
xgboost,500,ENTREZ_3475,IFRD1,5,1.0
xgboost,500,ENTREZ_3480,IGF1R,1,0.2
xgboost,500,ENTREZ_3483,IGFALS,4,0.8
xgboost,500,ENTREZ_3487,IGFBP4,1,0.2
xgboost,500,ENTREZ_352909,C19orf51,4,0.8
xgboost,500,ENTREZ_3595,IL12RB2,5,1.0
xgboost,500,ENTREZ_36,ACADSB,5,1.0
xgboost,500,ENTREZ_3608,ILF2,2,0.4
xgboost,500,ENTREZ_367,AR,5,1.0
xgboost,500,ENTREZ_3712,IVD,5,1.0
xgboost,500,ENTREZ_374860,ANKRD30B,1,0.2
xgboost,500,ENTREZ_374897,SBSN,4,0.8
xgboost,500,ENTREZ_375035,SFT2D2,5,1.0
xgboost,500,ENTREZ_3755,KCNG1,5,1.0
xgboost,500,ENTREZ_3767,KCNJ11,5,1.0
xgboost,500,ENTREZ_3783,KCNN4,2,0.4
xgboost,500,ENTREZ_3787,KCNS1,4,0.8
xgboost,500,ENTREZ_378825,NCRNA00162,3,0.6
xgboost,500,ENTREZ_3833,KIFC1,5,1.0
xgboost,500,ENTREZ_3838,KPNA2,3,0.6
xgboost,500,ENTREZ_3854,KRT6B,1,0.2
xgboost,500,ENTREZ_3857,KRT9,5,1.0
xgboost,500,ENTREZ_3868,KRT16,5,1.0
xgboost,500,ENTREZ_387103,CENPW,5,1.0
xgboost,500,ENTREZ_3875,KRT18,3,0.6
xgboost,500,ENTREZ_388,RHOB,5,1.0
xgboost,500,ENTREZ_388389,CCDC103,4,0.8
xgboost,500,ENTREZ_388743,CAPN8,5,1.0
xgboost,500,ENTREZ_3899,AFF3,5,1.0
xgboost,500,ENTREZ_390928,PAPL,1,0.2
xgboost,500,ENTREZ_3925,STMN1,4,0.8
xgboost,500,ENTREZ_3938,LCT,1,0.2
xgboost,500,ENTREZ_3945,LDHB,5,1.0
xgboost,500,ENTREZ_399694,SHC4,1,0.2
xgboost,500,ENTREZ_399717,GATA3-AS1,5,1.0
xgboost,500,ENTREZ_400451,FAM174B,5,1.0
xgboost,500,ENTREZ_4010,LMX1B,5,1.0
xgboost,500,ENTREZ_401535,C9orf170,5,1.0
xgboost,500,ENTREZ_401546,C9orf152,5,1.0
xgboost,500,ENTREZ_4025,LPO,1,0.2
xgboost,500,ENTREZ_4059,BCAM,5,1.0
xgboost,500,ENTREZ_4085,MAD2L1,5,1.0
xgboost,500,ENTREZ_4115,MAGEB4,5,1.0
xgboost,500,ENTREZ_4116,MAGOH,2,0.4
xgboost,500,ENTREZ_4137,MAPT,5,1.0
xgboost,500,ENTREZ_4171,MCM2,2,0.4
xgboost,500,ENTREZ_4175,MCM6,5,1.0
xgboost,500,ENTREZ_4176,MCM7,4,0.8
xgboost,500,ENTREZ_419,ART3,5,1.0
xgboost,500,ENTREZ_4241,MFI2,5,1.0
xgboost,500,ENTREZ_440567,UQCRHL,2,0.4
xgboost,500,ENTREZ_4602,MYB,5,1.0
xgboost,500,ENTREZ_4605,MYBL2,5,1.0
xgboost,500,ENTREZ_4904,YBX1,5,1.0
xgboost,500,ENTREZ_4948,OCA2,5,1.0
xgboost,500,ENTREZ_4986,OPRK1,5,1.0
xgboost,500,ENTREZ_4998,ORC1L,5,1.0
xgboost,500,ENTREZ_51072,MEMO1,5,1.0
xgboost,500,ENTREZ_51083,GAL,3,0.6
xgboost,500,ENTREZ_51091,SEPSECS,5,1.0
xgboost,500,ENTREZ_51118,UTP11L,1,0.2
xgboost,500,ENTREZ_51313,FAM198B,5,1.0
xgboost,500,ENTREZ_51364,ZMYND10,5,1.0
xgboost,500,ENTREZ_51442,VGLL1,5,1.0
xgboost,500,ENTREZ_51458,RHCG,5,1.0
xgboost,500,ENTREZ_51466,EVL,3,0.6
xgboost,500,ENTREZ_51474,LIMA1,5,1.0
xgboost,500,ENTREZ_51512,GTSE1,5,1.0
xgboost,500,ENTREZ_51523,CXXC5,5,1.0
xgboost,500,ENTREZ_5160,PDHA1,1,0.2
xgboost,500,ENTREZ_51643,TMBIM4,5,1.0
xgboost,500,ENTREZ_5167,ENPP1,4,0.8
xgboost,500,ENTREZ_51678,MPP6,3,0.6
xgboost,500,ENTREZ_51809,GALNT7,1,0.2
xgboost,500,ENTREZ_5205,ATP8B1,5,1.0
xgboost,500,ENTREZ_5241,PGR,5,1.0
xgboost,500,ENTREZ_53335,BCL11A,5,1.0
xgboost,500,ENTREZ_5347,PLK1,5,1.0
xgboost,500,ENTREZ_5351,PLOD1,5,1.0
xgboost,500,ENTREZ_540,ATP7B,4,0.8
xgboost,500,ENTREZ_54443,ANLN,5,1.0
xgboost,500,ENTREZ_54463,FAM134B,1,0.2
xgboost,500,ENTREZ_54478,FAM64A,5,1.0
xgboost,500,ENTREZ_54502,RBM47,5,1.0
xgboost,500,ENTREZ_54536,EXOC6,5,1.0
xgboost,500,ENTREZ_5457,POU4F1,5,1.0
xgboost,500,ENTREZ_5460,POU5F1,5,1.0
xgboost,500,ENTREZ_54681,P4HTM,5,1.0
xgboost,500,ENTREZ_54760,PCSK4,5,1.0
xgboost,500,ENTREZ_54763,ROPN1,5,1.0
xgboost,500,ENTREZ_54826,GIN1,5,1.0
xgboost,500,ENTREZ_54838,C10orf26,2,0.4
xgboost,500,ENTREZ_54843,SYTL2,5,1.0
xgboost,500,ENTREZ_54847,SIDT1,5,1.0
xgboost,500,ENTREZ_54858,PGPEP1,4,0.8
xgboost,500,ENTREZ_54881,TEX10,5,1.0
xgboost,500,ENTREZ_55003,PAK1IP1,5,1.0
xgboost,500,ENTREZ_55071,C9orf40,3,0.6
xgboost,500,ENTREZ_55103,RALGPS2,5,1.0
xgboost,500,ENTREZ_55116,TMEM39B,3,0.6
xgboost,500,ENTREZ_55131,RBM28,1,0.2
xgboost,500,ENTREZ_55143,CDCA8,5,1.0
xgboost,500,ENTREZ_55152,DALRD3,2,0.4
xgboost,500,ENTREZ_55165,CEP55,5,1.0
xgboost,500,ENTREZ_55247,NEIL3,3,0.6
xgboost,500,ENTREZ_55259,CASC1,5,1.0
xgboost,500,ENTREZ_55301,OLAH,5,1.0
xgboost,500,ENTREZ_55314,TMEM144,4,0.8
xgboost,500,ENTREZ_55351,STK32B,4,0.8
xgboost,500,ENTREZ_55355,HJURP,5,1.0
xgboost,500,ENTREZ_55388,MCM10,5,1.0
xgboost,500,ENTREZ_55568,GALNT10,2,0.4
xgboost,500,ENTREZ_5558,PRIM2,1,0.2
xgboost,500,ENTREZ_55612,FERMT1,5,1.0
xgboost,500,ENTREZ_55635,DEPDC1,5,1.0
xgboost,500,ENTREZ_55638,SYBU,5,1.0
xgboost,500,ENTREZ_55689,YEATS2,5,1.0
xgboost,500,ENTREZ_55733,HHAT,5,1.0
xgboost,500,ENTREZ_55789,DEPDC1B,4,0.8
xgboost,500,ENTREZ_55793,FAM63A,5,1.0
xgboost,500,ENTREZ_55839,CENPN,5,1.0
xgboost,500,ENTREZ_55930,MYO5C,4,0.8
xgboost,500,ENTREZ_5596,MAPK4,4,0.8
xgboost,500,ENTREZ_5613,PRKX,5,1.0
xgboost,500,ENTREZ_56171,DNAH7,5,1.0
xgboost,500,ENTREZ_56204,KIAA1370,5,1.0
xgboost,500,ENTREZ_56521,DNAJC12,5,1.0
xgboost,500,ENTREZ_5653,KLK6,3,0.6
xgboost,500,ENTREZ_56888,KCMF1,5,1.0
xgboost,500,ENTREZ_5690,PSMB2,4,0.8
xgboost,500,ENTREZ_56935,C11orf75,1,0.2
xgboost,500,ENTREZ_56942,C16orf61,5,1.0
xgboost,500,ENTREZ_56963,RGMA,5,1.0
xgboost,500,ENTREZ_56992,KIF15,1,0.2
xgboost,500,ENTREZ_57116,ZNF695,5,1.0
xgboost,500,ENTREZ_57156,TMEM63C,5,1.0
xgboost,500,ENTREZ_57222,ERGIC1,5,1.0
xgboost,500,ENTREZ_57348,TTYH1,4,0.8
xgboost,500,ENTREZ_57496,MKL2,4,0.8
xgboost,500,ENTREZ_57497,LRFN2,1,0.2
xgboost,500,ENTREZ_57510,XPO5,5,1.0
xgboost,500,ENTREZ_57535,KIAA1324,5,1.0
xgboost,500,ENTREZ_57580,PREX1,5,1.0
xgboost,500,ENTREZ_57613,KIAA1467,1,0.2
xgboost,500,ENTREZ_57659,ZBTB4,1,0.2
xgboost,500,ENTREZ_57728,WDR19,5,1.0
xgboost,500,ENTREZ_57758,SCUBE2,5,1.0
xgboost,500,ENTREZ_57763,ANKRA2,5,1.0
xgboost,500,ENTREZ_5806,PTX3,5,1.0
xgboost,500,ENTREZ_5817,PVR,1,0.2
xgboost,500,ENTREZ_582,BBS1,5,1.0
xgboost,500,ENTREZ_585,BBS4,5,1.0
xgboost,500,ENTREZ_5888,RAD51,5,1.0
xgboost,500,ENTREZ_5902,RANBP1,5,1.0
xgboost,500,ENTREZ_5914,RARA,5,1.0
xgboost,500,ENTREZ_5918,RARRES1,1,0.2
xgboost,500,ENTREZ_59272,ACE2,3,0.6
xgboost,500,ENTREZ_59336,PRDM13,4,0.8
xgboost,500,ENTREZ_596,BCL2,5,1.0
xgboost,500,ENTREZ_5984,RFC4,5,1.0
xgboost,500,ENTREZ_5995,RGR,5,1.0
xgboost,500,ENTREZ_6009,RHEB,1,0.2
xgboost,500,ENTREZ_6017,RLBP1,3,0.6
xgboost,500,ENTREZ_60598,KCNK15,5,1.0
xgboost,500,ENTREZ_6241,RRM2,4,0.8
xgboost,500,ENTREZ_6337,SCNN1A,5,1.0
xgboost,500,ENTREZ_6374,CXCL5,5,1.0
xgboost,500,ENTREZ_64084,CLSTN2,5,1.0
xgboost,500,ENTREZ_64087,MCCC2,5,1.0
xgboost,500,ENTREZ_641,BLM,5,1.0
xgboost,500,ENTREZ_64151,NCAPG,5,1.0
xgboost,500,ENTREZ_6422,SFRP1,5,1.0
xgboost,500,ENTREZ_64225,ATL2,5,1.0
xgboost,500,ENTREZ_64284,RAB17,5,1.0
xgboost,500,ENTREZ_64425,POLR1E,1,0.2
xgboost,500,ENTREZ_646962,HRCT1,3,0.6
xgboost,500,ENTREZ_64800,EFCAB6,5,1.0
xgboost,500,ENTREZ_6491,STIL,5,1.0
xgboost,500,ENTREZ_64943,NT5DC2,2,0.4
xgboost,500,ENTREZ_6500,SKP1,5,1.0
xgboost,500,ENTREZ_6502,SKP2,1,0.2
xgboost,500,ENTREZ_65055,REEP1,3,0.6
xgboost,500,ENTREZ_65266,WNK4,1,0.2
xgboost,500,ENTREZ_6530,SLC6A2,5,1.0
xgboost,500,ENTREZ_653820,FAM72B,5,1.0
xgboost,500,ENTREZ_6564,SLC15A1,5,1.0
xgboost,500,ENTREZ_6584,SLC22A5,5,1.0
xgboost,500,ENTREZ_6624,FSCN1,5,1.0
xgboost,500,ENTREZ_6664,SOX11,5,1.0
xgboost,500,ENTREZ_671,BPI,4,0.8
xgboost,500,ENTREZ_6715,SRD5A1,1,0.2
xgboost,500,ENTREZ_6732,SRPK1,5,1.0
xgboost,500,ENTREZ_6769,STAC,5,1.0
xgboost,500,ENTREZ_6790,AURKA,5,1.0
xgboost,500,ENTREZ_6821,SUOX,5,1.0
xgboost,500,ENTREZ_6833,ABCC8,5,1.0
xgboost,500,ENTREZ_6941,TCF19,5,1.0
xgboost,500,ENTREZ_699,BUB1,5,1.0
xgboost,500,ENTREZ_7009,TMBIM6,5,1.0
xgboost,500,ENTREZ_701,BUB1B,4,0.8
xgboost,500,ENTREZ_7031,TFF1,5,1.0
xgboost,500,ENTREZ_7033,TFF3,5,1.0
xgboost,500,ENTREZ_7043,TGFB3,1,0.2
xgboost,500,ENTREZ_705,BYSL,1,0.2
xgboost,500,ENTREZ_7090,TLE3,5,1.0
xgboost,500,ENTREZ_7101,NR2E1,5,1.0
xgboost,500,ENTREZ_720,C4A,2,0.4
xgboost,500,ENTREZ_7272,TTK,5,1.0
xgboost,500,ENTREZ_7368,UGT8,5,1.0
xgboost,500,ENTREZ_7371,UCK2,5,1.0
xgboost,500,ENTREZ_7388,UQCRH,3,0.6
xgboost,500,ENTREZ_7466,WFS1,5,1.0
xgboost,500,ENTREZ_7475,WNT6,5,1.0
xgboost,500,ENTREZ_7494,XBP1,5,1.0
xgboost,500,ENTREZ_7545,ZIC1,1,0.2
xgboost,500,ENTREZ_771,CA12,5,1.0
xgboost,500,ENTREZ_776,CACNA1D,4,0.8
xgboost,500,ENTREZ_7786,MAP3K12,5,1.0
xgboost,500,ENTREZ_7802,DNALI1,5,1.0
xgboost,500,ENTREZ_7804,LRP8,5,1.0
xgboost,500,ENTREZ_7844,RNF103,5,1.0
xgboost,500,ENTREZ_79000,C1orf135,5,1.0
xgboost,500,ENTREZ_79012,CAMKV,5,1.0
xgboost,500,ENTREZ_7905,REEP5,4,0.8
xgboost,500,ENTREZ_79075,DSCC1,5,1.0
xgboost,500,ENTREZ_79083,MLPH,5,1.0
xgboost,500,ENTREZ_7913,DEK,4,0.8
xgboost,500,ENTREZ_79172,CENPO,5,1.0
xgboost,500,ENTREZ_79465,ULBP3,2,0.4
xgboost,500,ENTREZ_79600,TCTN1,2,0.4
xgboost,500,ENTREZ_79624,C6orf211,5,1.0
xgboost,500,ENTREZ_79650,C16orf57,2,0.4
xgboost,500,ENTREZ_79723,SUV39H2,5,1.0
xgboost,500,ENTREZ_79801,SHCBP1,5,1.0
xgboost,500,ENTREZ_79818,ZNF552,5,1.0
xgboost,500,ENTREZ_79825,CCDC48,4,0.8
xgboost,500,ENTREZ_79838,TMC5,4,0.8
xgboost,500,ENTREZ_79846,C7orf63,5,1.0
xgboost,500,ENTREZ_79875,THSD4,5,1.0
xgboost,500,ENTREZ_79925,SPEF2,5,1.0
xgboost,500,ENTREZ_79973,ZNF442,1,0.2
xgboost,500,ENTREZ_80119,PIF1,2,0.4
xgboost,500,ENTREZ_80127,C14orf45,5,1.0
xgboost,500,ENTREZ_80129,C6orf97,5,1.0
xgboost,500,ENTREZ_80139,ZNF703,5,1.0
xgboost,500,ENTREZ_80736,SLC44A4,5,1.0
xgboost,500,ENTREZ_8099,CDK2AP1,5,1.0
xgboost,500,ENTREZ_8140,SLC7A5,4,0.8
xgboost,500,ENTREZ_81610,FAM83D,5,1.0
xgboost,500,ENTREZ_81611,ANP32E,1,0.2
xgboost,500,ENTREZ_81706,PPP1R14C,5,1.0
xgboost,500,ENTREZ_81854,MGC3771,3,0.6
xgboost,500,ENTREZ_8190,MIA,5,1.0
xgboost,500,ENTREZ_81930,KIF18A,5,1.0
xgboost,500,ENTREZ_8200,GDF5,5,1.0
xgboost,500,ENTREZ_8318,CDC45,5,1.0
xgboost,500,ENTREZ_8326,FZD9,5,1.0
xgboost,500,ENTREZ_83439,TCF7L1,2,0.4
xgboost,500,ENTREZ_83450,LRRC48,5,1.0
xgboost,500,ENTREZ_83461,CDCA3,5,1.0
xgboost,500,ENTREZ_83464,APH1B,5,1.0
xgboost,500,ENTREZ_83540,NUF2,5,1.0
xgboost,500,ENTREZ_83544,DNAL1,5,1.0
xgboost,500,ENTREZ_83594,NUDT12,5,1.0
xgboost,500,ENTREZ_83657,DYNLRB2,5,1.0
xgboost,500,ENTREZ_83732,RIOK1,5,1.0
xgboost,500,ENTREZ_83850,ESYT3,5,1.0
xgboost,500,ENTREZ_83879,CDCA7,5,1.0
xgboost,500,ENTREZ_83903,GSG2,5,1.0
xgboost,500,ENTREZ_84002,B3GNT5,5,1.0
xgboost,500,ENTREZ_84072,HORMAD1,5,1.0
xgboost,500,ENTREZ_84105,PCBD2,3,0.6
xgboost,500,ENTREZ_8416,ANXA9,5,1.0
xgboost,500,ENTREZ_84318,CCDC77,1,0.2
xgboost,500,ENTREZ_8438,RAD54L,5,1.0
xgboost,500,ENTREZ_8440,NCK2,5,1.0
xgboost,500,ENTREZ_84733,CBX2,3,0.6
xgboost,500,ENTREZ_84740,AFAP1-AS1,3,0.6
xgboost,500,ENTREZ_84790,TUBA1C,5,1.0
xgboost,500,ENTREZ_84856,LINC00839,5,1.0
xgboost,500,ENTREZ_84866,TMEM25,5,1.0
xgboost,500,ENTREZ_84908,FAM136A,5,1.0
xgboost,500,ENTREZ_84991,RBM17,5,1.0
xgboost,500,ENTREZ_85004,RERG,5,1.0
xgboost,500,ENTREZ_85320,ABCC11,5,1.0
xgboost,500,ENTREZ_8537,BCAS1,5,1.0
xgboost,500,ENTREZ_85377,MICALL1,5,1.0
xgboost,500,ENTREZ_8543,LMO4,1,0.2
xgboost,500,ENTREZ_8581,LY6D,2,0.4
xgboost,500,ENTREZ_8601,RGS20,3,0.6
xgboost,500,ENTREZ_8624,PSMG1,1,0.2
xgboost,500,ENTREZ_8645,KCNK5,5,1.0
xgboost,500,ENTREZ_8739,HRK,2,0.4
xgboost,500,ENTREZ_8767,RIPK2,4,0.8
xgboost,500,ENTREZ_8785,MATN4,3,0.6
xgboost,500,ENTREZ_8821,INPP4B,5,1.0
xgboost,500,ENTREZ_8833,GMPS,5,1.0
xgboost,500,ENTREZ_887,CCKBR,5,1.0
xgboost,500,ENTREZ_8872,CDC123,5,1.0
xgboost,500,ENTREZ_890,CCNA2,5,1.0
xgboost,500,ENTREZ_891,CCNB1,1,0.2
xgboost,500,ENTREZ_89765,RSPH1,3,0.6
xgboost,500,ENTREZ_898,CCNE1,5,1.0
xgboost,500,ENTREZ_89846,FGD3,4,0.8
xgboost,500,ENTREZ_9,NAT1,5,1.0
xgboost,500,ENTREZ_9025,RNF8,2,0.4
xgboost,500,ENTREZ_90288,EFCAB12,5,1.0
xgboost,500,ENTREZ_90355,C5orf30,3,0.6
xgboost,500,ENTREZ_90381,C15orf42,5,1.0
xgboost,500,ENTREZ_90417,C15orf23,5,1.0
xgboost,500,ENTREZ_90506,LRRC46,5,1.0
xgboost,500,ENTREZ_9055,PRC1,2,0.4
xgboost,500,ENTREZ_9061,PAPSS1,5,1.0
xgboost,500,ENTREZ_9095,TBX19,5,1.0
xgboost,500,ENTREZ_91074,ANKRD30A,5,1.0
xgboost,500,ENTREZ_91133,L3MBTL4,5,1.0
xgboost,500,ENTREZ_9120,SLC16A6,5,1.0
xgboost,500,ENTREZ_91283,C9orf30,4,0.8
xgboost,500,ENTREZ_9132,KCNQ4,5,1.0
xgboost,500,ENTREZ_9133,CCNB2,5,1.0
xgboost,500,ENTREZ_9135,RABEP1,5,1.0
xgboost,500,ENTREZ_9141,PDCD5,3,0.6
xgboost,500,ENTREZ_9156,EXO1,5,1.0
xgboost,500,ENTREZ_91754,NEK9,2,0.4
xgboost,500,ENTREZ_9212,AURKB,5,1.0
xgboost,500,ENTREZ_92291,CAPN13,5,1.0
xgboost,500,ENTREZ_9232,PTTG1,5,1.0
xgboost,500,ENTREZ_9254,CACNA2D2,5,1.0
xgboost,500,ENTREZ_92840,REEP6,5,1.0
xgboost,500,ENTREZ_9319,TRIP13,5,1.0
xgboost,500,ENTREZ_93273,LEMD1,5,1.0
xgboost,500,ENTREZ_9338,TCEAL1,5,1.0
xgboost,500,ENTREZ_93624,TADA2B,4,0.8
xgboost,500,ENTREZ_94121,SYTL4,5,1.0
xgboost,500,ENTREZ_94122,SYTL5,5,1.0
xgboost,500,ENTREZ_94241,TP53INP1,1,0.2
xgboost,500,ENTREZ_9435,CHST2,4,0.8
xgboost,500,ENTREZ_9493,KIF23,4,0.8
xgboost,500,ENTREZ_9498,SLC4A8,5,1.0
xgboost,500,ENTREZ_9501,RPH3AL,2,0.4
xgboost,500,ENTREZ_9568,GABBR2,5,1.0
xgboost,500,ENTREZ_9620,CELSR1,5,1.0
xgboost,500,ENTREZ_9654,TTLL4,5,1.0
xgboost,500,ENTREZ_9674,KIAA0040,2,0.4
xgboost,500,ENTREZ_9687,GREB1,5,1.0
xgboost,500,ENTREZ_9688,NUP93,5,1.0
xgboost,500,ENTREZ_9718,ECE2,5,1.0
xgboost,500,ENTREZ_9742,IFT140,1,0.2
xgboost,500,ENTREZ_9778,KIAA0232,5,1.0
xgboost,500,ENTREZ_9787,DLGAP5,5,1.0
xgboost,500,ENTREZ_9812,KIAA0141,1,0.2
xgboost,500,ENTREZ_9824,ARHGAP11A,1,0.2
xgboost,500,ENTREZ_983,CDK1,5,1.0
xgboost,500,ENTREZ_9833,MELK,5,1.0
xgboost,500,ENTREZ_9836,LCMT2,4,0.8
xgboost,500,ENTREZ_9837,GINS1,5,1.0
xgboost,500,ENTREZ_991,CDC20,5,1.0
xgboost,500,ENTREZ_9911,TMCC2,5,1.0
xgboost,500,ENTREZ_9918,NCAPD2,5,1.0
xgboost,500,ENTREZ_9919,SEC16A,2,0.4
xgboost,500,ENTREZ_9928,KIF14,3,0.6
xgboost,500,ENTREZ_993,CDC25A,5,1.0
xgboost,500,ENTREZ_9933,KIAA0020,5,1.0
xgboost,500,ENTREZ_9982,FGFBP1,4,0.8
