model,panel_size,balanced_accuracy_mean,balanced_accuracy_fold_sd,macro_f1_mean,gene_set,drop_from_full_reference,within_tolerance
logistic,1,0.5225852897688341,0.021833034308431646,0.48478957771084213,Fold-selected ANOVA,0.37869541531865425,False
logistic,2,0.6894599082059526,0.03014016509383888,0.6227237091638317,Fold-selected ANOVA,0.21182079688153577,False
logistic,5,0.8122629345194678,0.0413372298147601,0.7977512874520414,Fold-selected ANOVA,0.08901777056802052,False
logistic,10,0.8091445535214676,0.07017845775932198,0.7914159835366834,Fold-selected ANOVA,0.09213615156602073,False
logistic,20,0.8197826021202909,0.07425618150445919,0.8068284458285155,Fold-selected ANOVA,0.0814981029671975,False
logistic,50,0.8604882472815814,0.056890686840987414,0.8535993848552088,Fold-selected ANOVA,0.04079245780590701,False
logistic,100,0.8870406073791383,0.035547823452396,0.875583738699983,Fold-selected ANOVA,0.014240097708350108,True
logistic,500,0.9052412726436563,0.02965521706168775,0.8937793599985697,Fold-selected ANOVA,-0.0039605675561679154,True
logistic,50,0.9237440568218437,0.03416936754855601,0.9149037533941493,Fixed published PAM50,,
random_forest,1,0.49225854075563136,0.022301165213869528,0.4732875670755382,Fold-selected ANOVA,0.4024805032637312,False
random_forest,2,0.7306505147001268,0.02371040046110849,0.6970973348118518,Fold-selected ANOVA,0.1640885293192358,False
random_forest,5,0.7846006139199789,0.04145883321601065,0.764264649347997,Fold-selected ANOVA,0.11013843009938362,False
random_forest,10,0.805873317820286,0.03322272136568075,0.7895675047870592,Fold-selected ANOVA,0.08886572619907651,False
random_forest,20,0.8173065984110032,0.04457744186426363,0.8089404397217328,Fold-selected ANOVA,0.07743244560835938,False
random_forest,50,0.8711710583946701,0.021815549264139623,0.8668489329559981,Fold-selected ANOVA,0.023567985624692422,False
random_forest,100,0.8857601338676522,0.034511132343393605,0.8836610679620321,Fold-selected ANOVA,0.008978910151710373,True
random_forest,500,0.8943760393654483,0.03207478837035978,0.892677548726919,Fold-selected ANOVA,0.0003630046539142562,True
random_forest,50,0.9316800671737635,0.025168846690261405,0.9243505193189743,Fixed published PAM50,,
xgboost,1,0.5395351764311034,0.055848746094705706,0.45004989489214997,Fold-selected ANOVA,0.37265336293434503,False
xgboost,2,0.6985149405420434,0.006785275974083979,0.6367662276295252,Fold-selected ANOVA,0.21367359882340498,False
xgboost,5,0.8052253492616905,0.032103437971924595,0.7731831886243805,Fold-selected ANOVA,0.10696319010375788,False
xgboost,10,0.7967989601837602,0.050666473663779514,0.7688556125540975,Fold-selected ANOVA,0.11538957918168824,False
xgboost,20,0.808980852554505,0.057099101818369004,0.7839190455974883,Fold-selected ANOVA,0.10320768681094339,False
xgboost,50,0.8510957300293509,0.03867576272253626,0.8406631556168414,Fold-selected ANOVA,0.06109280933609751,False
xgboost,100,0.8754890361668638,0.023560046294330526,0.870914671943655,Fold-selected ANOVA,0.036699503198584615,False
xgboost,500,0.8990934672009857,0.03498947736574017,0.8905201936624557,Fold-selected ANOVA,0.013095072164462707,True
xgboost,50,0.9214628935992248,0.028693006468105305,0.9115308386156562,Fixed published PAM50,,
