feature_id,pam50_symbol,tcga_symbol,scanb_symbol
ENTREZ_57180,ACTR3B,ACTR3B,ACTR3B
ENTREZ_54443,ANLN,ANLN,ANLN
ENTREZ_573,BAG1,BAG1,BAG1
ENTREZ_596,BCL2,BCL2,BCL2
ENTREZ_332,BIRC5,BIRC5,BIRC5
ENTREZ_644,BLVRA,BLVRA,BLVRA
ENTREZ_891,CCNB1,CCNB1,CCNB1
ENTREZ_898,CCNE1,CCNE1,CCNE1
ENTREZ_991,CDC20,CDC20,CDC20
ENTREZ_990,CDC6,CDC6,CDC6
ENTREZ_83540,CDCA1,NUF2,NUF2
ENTREZ_1001,CDH3,CDH3,CDH3
ENTREZ_1063,CENPF,CENPF,CENPF
ENTREZ_55165,CEP55,CEP55,CEP55
ENTREZ_51523,CXXC5,CXXC5,CXXC5
ENTREZ_1956,EGFR,EGFR,EGFR
ENTREZ_2064,ERBB2,ERBB2,ERBB2
ENTREZ_2099,ESR1,ESR1,ESR1
ENTREZ_9156,EXO1,EXO1,EXO1
ENTREZ_2264,FGFR4,FGFR4,FGFR4
ENTREZ_3169,FOXA1,FOXA1,FOXA1
ENTREZ_2296,FOXC1,FOXC1,FOXC1
ENTREZ_26996,GPR160,GPR160,GPR160
ENTREZ_2886,GRB7,GRB7,GRB7
ENTREZ_11004,KIF2C,KIF2C,KIF2C
ENTREZ_10403,KNTC2,NDC80,NDC80
ENTREZ_3861,KRT14,KRT14,KRT14
ENTREZ_3872,KRT17,KRT17,KRT17
ENTREZ_3852,KRT5,KRT5,KRT5
ENTREZ_4137,MAPT,MAPT,MAPT
ENTREZ_4193,MDM2,MDM2,MDM2
ENTREZ_9833,MELK,MELK,MELK
ENTREZ_8190,MIA,MIA,MIA
ENTREZ_4288,MKI67,MKI67,MKI67
ENTREZ_79083,MLPH,MLPH,MLPH
ENTREZ_4320,MMP11,MMP11,MMP11
ENTREZ_4605,MYBL2,MYBL2,MYBL2
ENTREZ_4609,MYC,MYC,MYC
ENTREZ_9,NAT1,NAT1,NAT1
ENTREZ_23594,ORC6L,ORC6L,ORC6
ENTREZ_5241,PGR,PGR,PGR
ENTREZ_26227,PHGDH,PHGDH,PHGDH
ENTREZ_9232,PTTG1,PTTG1,PTTG1
ENTREZ_6241,RRM2,RRM2,RRM2
ENTREZ_6422,SFRP1,SFRP1,SFRP1
ENTREZ_25800,SLC39A6,SLC39A6,SLC39A6
ENTREZ_120224,TMEM45B,TMEM45B,TMEM45B
ENTREZ_7298,TYMS,TYMS,TYMS
ENTREZ_11065,UBE2C,UBE2C,UBE2C
ENTREZ_29089,UBE2T,UBE2T,UBE2T
