model,panel_size,fold,balanced_accuracy,macro_f1,best_parameters
xgboost,1,1,0.534610933048433,0.4098886589257317,"{""model__max_depth"": 2}"
xgboost,1,2,0.5425347222222222,0.4478146247849819,"{""model__max_depth"": 2}"
xgboost,1,3,0.5040322580645161,0.4597712872273705,"{""model__max_depth"": 3}"
xgboost,1,4,0.48585349462365585,0.4485092379829222,"{""model__max_depth"": 3}"
xgboost,1,5,0.6306444741966895,0.48426566553974365,"{""model__max_depth"": 2}"
xgboost,2,1,0.7043224715099715,0.6492874547923636,"{""model__max_depth"": 3}"
xgboost,2,2,0.6977430555555556,0.6138409156766155,"{""model__max_depth"": 2}"
xgboost,2,3,0.7018817204301075,0.6680804893501541,"{""model__max_depth"": 2}"
xgboost,2,4,0.687130376344086,0.614312847646181,"{""model__max_depth"": 2}"
xgboost,2,5,0.7014970788704966,0.638309430682312,"{""model__max_depth"": 3}"
xgboost,5,1,0.8438657407407407,0.7942461525084775,"{""model__max_depth"": 3}"
xgboost,5,2,0.8179398148148148,0.7914529914529914,"{""model__max_depth"": 3}"
xgboost,5,3,0.7672379032258065,0.7372778300810224,"{""model__max_depth"": 2}"
xgboost,5,4,0.7769153225806451,0.7657614691550979,"{""model__max_depth"": 2}"
xgboost,5,5,0.820167964946446,0.7771774999243135,"{""model__max_depth"": 2}"
xgboost,10,1,0.8516782407407407,0.7999289078914728,"{""model__max_depth"": 2}"
xgboost,10,2,0.7961805555555556,0.7736666247695659,"{""model__max_depth"": 3}"
xgboost,10,3,0.7315860215053764,0.7085361180185441,"{""model__max_depth"": 2}"
xgboost,10,4,0.7639112903225806,0.7574772662688264,"{""model__max_depth"": 3}"
xgboost,10,5,0.8406386927945473,0.8046691458220787,"{""model__max_depth"": 2}"
xgboost,20,1,0.8449474715099715,0.7981326000769745,"{""model__max_depth"": 2}"
xgboost,20,2,0.8335648148148148,0.8145342752485609,"{""model__max_depth"": 2}"
xgboost,20,3,0.7279569892473118,0.7126708767804206,"{""model__max_depth"": 2}"
xgboost,20,4,0.7724798387096774,0.7571647440519106,"{""model__max_depth"": 2}"
xgboost,20,5,0.8659551484907497,0.837092731829574,"{""model__max_depth"": 2}"
xgboost,50,1,0.8969907407407407,0.8793377394689574,"{""model__max_depth"": 3}"
xgboost,50,2,0.8491898148148148,0.839519535494322,"{""model__max_depth"": 2}"
xgboost,50,3,0.8052755376344085,0.8041362318452101,"{""model__max_depth"": 3}"
xgboost,50,4,0.822244623655914,0.8255996325950574,"{""model__max_depth"": 3}"
xgboost,50,5,0.8817779333008764,0.8547226386806597,"{""model__max_depth"": 2}"
xgboost,100,1,0.9090099715099715,0.8881815352403588,"{""model__max_depth"": 3}"
xgboost,100,2,0.8898148148148148,0.8948516856469526,"{""model__max_depth"": 3}"
xgboost,100,3,0.8518481182795699,0.847589106995677,"{""model__max_depth"": 2}"
xgboost,100,4,0.8589381720430108,0.8632933000589235,"{""model__max_depth"": 3}"
xgboost,100,5,0.8678341041869523,0.8606577317763624,"{""model__max_depth"": 2}"
xgboost,500,1,0.9355724715099716,0.9148254536968399,"{""model__max_depth"": 2}"
xgboost,500,2,0.9210648148148148,0.9172137421839626,"{""model__max_depth"": 2}"
xgboost,500,3,0.8500336021505377,0.8523813815360318,"{""model__max_depth"": 2}"
xgboost,500,4,0.8766129032258065,0.8804012345679012,"{""model__max_depth"": 3}"
xgboost,500,5,0.9121835443037974,0.8877791563275435,"{""model__max_depth"": 2}"
